,"Karlsruher Institut für Technologie (KIT)"
,"Studierendenstatistik "
,"SS 2014",
§PAGEBREAK
,"I n h a l t",,Seite
,,,
,Vorbemerkung,,3
,,,
,Erläuterungenen,,4
,,,
"Statistik 1",Gesamtstatistik,,5
,,,
"Statistik 2","Studierende nach Abschlusszielen",,6
,,,
"Statistik 3","Studierende nach dem 1. Studienfach",,7
,,,
"Statistik 4","Studienanfänger nach dem 1. Studienfach",,10
,,,
"Statistik 5","Studentinnen nach dem 1. Studienfach",,13
,,,
"Statistik 6","Studierende nach Fächergruppen",,16
,,,
"Statistik 7","Studierende (Fälle) nach Abschlusszielen","KIT-Fakultät für Mathematik",19
,,,
,,"KIT-Fakultät für Physik",21
,,,
,,"KIT-Fakultät für Chemie- und Biowissenschaften",24
,,,
,,"KIT-Fakultät für Geistes- und Sozialwissenschaften",28
,,,
,,"KIT-Fakultät für Architektur",36
,,,
,,"KIT-Fakultät für Bauingenieur- Geo- und Umweltwissenschaften",39
,,,
,,"KIT-Fakultät für Maschinenbau",48
,,,
,,"KIT-Fakultät für Chemieingenieurwesen und Verfahrenstechnik",52
,,,
,,"KIT-Fakultät für Elektrotechnik und Informationstechnik",55
,,,
,,"KIT-Fakultät für Informatik",58
,,,
,,"KIT-Fakultät für Wirtschaftswissenschaften",59
,,,
,,"Interfakultative Studiengänge",61
,,,
,,,
,,"International Department",64
,,,
,,Studienkolleg,65
,,,
,,"Promotionen in weiteren Fächern",66
,,,
,,"Auslaufende Studiengänge",67
,,,
"Statistik 8","Beurlaubte nach Beurlaubungsgrund",,68
,,,
"Statistik 9","Exmatrikulierte nach Exmatrikulationsgründen",,69
,,,
"Statistik 10","Studierende nach Nationalitäten",,70
,,,
"Statistik 11","Studierende nach Bundesländern",,77
,,,
§PAGEBREAK
Vorbemerkung,,,,,,,
,,,,,,,
"Die vorliegende Auswertung der Studierendenzahlen des Sommersemesters 2014 basiert auf der Fortschreibung der Daten",,,,,,,,
"aus den letzten Semestern (Rückmelder) und der Erfassung von Neuimmatrikuliertendaten.",,,,,,,,
,,,,,,,,
"Obwohl den Auswertungsprogrammen umfangreiche Plausibilitätskontrollen vorgeschaltet sind und die Erhebungsbögen",,,,,,,,
"vor der Übertragung auf Datenträger auf inhaltliche Fehler überprüft wurden, kann die Genauigkeit der Statistik durch",,,,,,,,
"unvollständige oder falsche Angaben seitens der Studierenden bei der Einschreibung oder Rückmeldung beeinträchtigt sein.",,,,,,,,
"Die Datenfortschreibung berücksichtigt alle von den Studierenden dem Studienbüro bis zum Stichtag der Auswertung (12.06.)",,,,,,,,
"mitgeteilten Änderungen (z.B. Studiengangwechsel, Änderung der angestrebten Abschlussprüfung u.a.m.).",,,,,,,,
,,,,,,,,
"Da die vorliegende Statistik möglichst allen Anforderungen der Benutzer entsprechen soll, sind wir dankbar, wenn uns",,,,,,,,
"Änderungsvorschläge bezüglich Inhalt und Layout dieser Statistik mitgeteilt werden.",,,,,,,,
,,,,,,,,
"Die vorliegenden Auswertungen wurden aus der mit dem Programm HISSOS-GX verwalteten ",,,,,,,,
"Studierenden-Datenbank vorgenommen.",,,,,,,,
,,,,,,,,
Ansprechpartner:
"Karlsruher Institut für Technologie (KIT)"
"Präsidialstab - Strategie, Struktur- und Entwicklungsplanung (PST-SSE)"
"Herr Matthias Hess"
E-Mail:,matthias.hess@kit.edu
§PAGEBREAK
Erläuterungenen
"In den vorliegenden Statistiken wird unterschieden:",,,,,,,,,,
,,,,,,,,,,
,"""Kopfstatistik""","Jeder Studierende wird nur einmal als Person (Kopf) gezählt. Die Summe aller ausgewiesenen Studierenden ergibt die Zahl der ",,,,,,,,
,"(Stat. 1-6; 8-11)","am KIT eingeschriebenen Studierenden.",,,,,,,,
,,,,,,,,,,
,"""Fallstatistik""","Jeder Studierende wird mit den Studienfächern, für die er immatrikuliert ist, gezählt. Studierende mit einer Fächerkombination",,,,,,,,
,"(Stat. 7)","sind in jedem ihrer angegebenen Fächer ausgewiesen. Gleiche Personen kommen mehrfach vor (1., 2. und ggf. 3. Studienfach).",,,,,,,,
,,"Das ist insbesondere bei den Lehramtsstudiengängen der Fall.",,,,,,,,
,,,,,,,,,,
Rückmelder,"Studierende, die im vorangegangenem Semester bereits am KIT eingeschrieben waren.",,,,,,,,,
,,,,,,,,,,
Erstimmatrikulierte,"Studierende, die sich erstmalig an einer Hochschule in Deutschland eingeschrieben haben (1. Hochschulsemester). In Einzelfällen kann es",,,,,,,,,
,"vorkommen, dass Studierende im 1. Hochschulsemester, aber im höheren Fachsemester eingeschrieben sind.",,,,,,,,,
,,,,,,,,,,
Neuimmatrikulierte,"Studierende, die sich neu in einen Studiengang eingeschrieben haben und vorher bereits an einer Hochschule in Deutschland (auch am KIT) ",,,,,,,,,
,"eingeschrieben waren.",,,,,,,,,
,,,,,,,,,,
1.Sem.,"Neuimmatrikulierte, die sich neu in einen Studiengang im 1. Fachsemester eingeschrieben haben (und vorher bereits an einer Hochschule in ",,,,,,,,,
,"Deutschland studiert haben).",,,,,,,,,
,,,,,,,,,,
höh.Sem.,"Neuimmatrikulierte, die sich neu in einen Studiengang in ein höheres Fachsemester eingeschrieben haben (und vorher bereits an einer Hochschule in ",,,,,,,,,
,"Deutschland studiert haben).",,,,,,,,,
,,,,,,,,,,
Hochschulsemester,"Zahl der Semester, die ein Studierender an deutschen Hochschulen einschl. des laufenden Semesters eingeschrieben ist (einschl. Urlaubssemester, ",,,,,,,,,
,"ohne Semester am Studienkolleg).",,,,,,,,,
,,,,,,,,,,
Fachsemester,"Zahl der Semester, die ein Studierender im jeweiligen Studienfach, einschl. angerechneter Fachsemester aus Vorleistungen, eingeschrieben ist (ohne ",,,,,,,,,
,Urlaubssemester).,,,,,,,,,
,,,,,,,,,,
ASP,Abschlussprüfung,,,,,,,,,
,,,,,,,,,,
"1. HF ","1. Hauptfach",,,,,,,,,
,,,,,,,,,,
"2. HF ","2. Hauptfach",,,,,,,,,
,,,,,,,,,,
EF,"Erweiterungsfach (Hauptfach- oder Beifachumfang)",,,,,,,,,
,,,,,,,,,,
WF,"Wissenschaftliches Fach",,,,,,,,,
,"Studierende, die an einer Kunst- und Musikhochschule ein künstlerisches Fach (Lehramt) studieren und am KIT das wissenschaftliche Fach belegen.",,,,,,,,,
,"Sie sind in der Regel am KIT zweitimmatrikuliert.",,,,,,,,,
,,,,,,,,
,,,,,,,,
,,,,,,,,
,,,,,,,,
§PAGEBREAK
"Statistik 1 - (Gesamtstatistik)"
Status,Insgesamt,davon,,davon,,,davon,,
,,männlich,weiblich,"Deutsche
männlich","
weiblich","
Gesamt","Ausländer
männlich","
weiblich","
Gesamt"
,,,,,,,,,
Erstimmatr.,393,261,132,7,1,8,254,131,385
,1,0.66412213740458,0.33587786259542,0.0178117048346056,0.00254452926208651,0.0203562340966921,0.646310432569975,0.333333333333333,0.979643765903308
,,,,,,,,,
Neuimmatr.,1209,893,316,808,260,1068,85,56,141
,0.883374689826303,0.738626964433416,0.261373035566584,0.668320926385442,0.21505376344086,0.883374689826303,0.0703060380479735,,
,,,,,,,,,
Rückmelder,20691,15026,5665,12714,4498,17212,2312,1167,3479
,1,0.726209463051568,0.273790536948432,0.614470059446136,0.217389203035136,0.831859262481272,0.111739403605432,0.0564013339132956,0.168140737518728
,,,,,,,,,
Beurlaubt,321,196,125,184,98,282,12,27,39
,,,,,,,,,
,,,,,,,,,
Insgesamt,22614,16376,6238,13713,4857,18570,2663,1381,4044
,1,0.724153179446361,0.275846820553639,0.60639426903688,0.214778455823826,0.821172724860706,0.117758910409481,0.0610683647298134,0.178827275139294
davon,,,,,,,,,
Zweitimmatr.,61,25,36,23,35,58,2,1,3
,,,,,,,,,
,,,,,,,,,
Studienkolleg,257,157,100,4,1,5,153,99,252
,1,0.610894941634241,0.389105058365759,0.0155642023346304,0.00389105058365759,0.0194552529182879,0.595330739299611,0.385214007782101,0.980544747081712
,,,,,,,,,
§PAGEBREAK
"Statistik 2 - (Studierende nach Abschlusszielen)"
Abschlussziel,Fachsemester,,,,,,,,,,,,,Gesamt
,1,2,3,4,5,6,7,8,9,10,11,12,>12,
,,,,,,,,,,,,,,
"Promotion m.Abschluss",100,101,84,114,90,97,65,58,15,19,12,20,103,878
,,,,,,,,,,,,,,
Staatsexamen,,,,,,,2,43,,24,6,7,4,86
,,,,,,,,,,,,,,
"Diplom (U)",,,,,,,,,3,16,77,356,1672,2124
,,,,,,,,,,,,,,
"Dipl.-Ing. Pädagoge",,,,,,,,,,,,2,4,6
,,,,,,,,,,,,,,
"Lehramt Gymnasien",1,159,3,106,6,135,5,121,13,84,6,42,32,713
,,,,,,,,,,,,,,
Bachelor,30,3937,52,3164,130,3104,106,1268,45,314,6,56,41,12253
,,,,,,,,,,,,,,
Master,1253,1330,932,1194,581,427,98,65,14,14,5,4,6,5923
,,,,,,,,,,,,,,
Aufbaustudium,98,120,38,3,1,,2,,,,,,4,266
,,,,,,,,,,,,,,
"kein Abschluss möglich",7,15,13,42,56,71,47,40,33,37,3,1,,365
,,,,,,,,,,,,,,
Insgesamt,1489,5662,1122,4623,864,3834,325,1595,123,508,115,488,1866,22614
§PAGEBREAK
"Statistik 3 - (Studierende nach dem 1.Studienfach) ",
,
Fakultät,Fach,(Fach-Schl.),Gesamt,,davon,"Rück-
melder","Erst-
immatr.","   Neuimmatrikuliert",," Deutsche",,," Ausländer",,,beurlaubt
,,,Fakultät,Fach,,,,1.FSem.,höh.Sem.,männlich,weiblich,Gesamt,männlich,weiblich,Gesamt,
,,,,,,,,,,,,,,,,
"Fakultät für Mathematik",,,,,,,,,,,,,,,,
,Mathematik,(105&805),824,782,,723,7,24,12,483,208,691,48,43,91,16,,
,Technomathematik,(118),,42,,36,1,1,1,26,11,37,5,,5,3,,
"Fakultät für Physik",,,,,,,,,,,,,,,,,,
,Geophysik,(066),1375,98,,88,1,6,1,65,29,94,4,,4,2,,
,Meteorologie,(110),,106,,96,,1,6,54,47,101,2,3,5,3,,
,Physik,(128&828),,1171,,1074,9,72,6,931,178,1109,49,13,62,10,,
"Fakultät für Chemie und Biowissenschaften",,,,,,,,,,,,,,,,,,
,Biologie,(026),1543,542,,520,5,8,2,175,314,489,20,33,53,7,,
,Chemie,(032),,666,,618,7,28,8,401,196,597,30,39,69,5,,
,"Chemische Biologie",(632),,123,,112,1,4,4,49,61,110,2,11,13,2,,
,Lebensmittelchemie,(096),,212,,209,,1,,40,160,200,1,11,12,2,,
"Fakultät für Geistes- und Sozialwissenschaften",,,,,,,,,,,,,,,,,,
,"Deutsch / Germanistik",(767&667),1352,465,,438,2,11,9,111,313,424,6,35,41,5,,
,"Europ. Kult./Ideengeschichte",(627),,216,,200,2,7,3,91,106,197,5,14,19,4,,
,Geschichte,(668),,6,,6,,,,4,2,6,,,0,,,
,Literaturwissenschaft,(188),,5,,5,,,,2,2,4,,1,1,,,
,Pädagogik,(652),,158,,147,1,9,,14,128,142,2,14,16,1,,
,"Ingenieurpädagogik Bautechnik",(817),,15,,13,,1,1,11,4,15,,,0,,,
,"Ingenieurpädagogik Metalltechnik",(108),,22,,20,,2,,20,2,22,,,0,,,,,,
,"Ingenieurpädagogik Elektrotechnik",(948),,13,,12,,1,,7,4,11,1,1,2,,,,
,Philosophie,(127),,3,,2,,1,,1,2,3,,,0,,,
,Soziologie,(149),,1,,1,,,,,,0,,1,1,,,
,"Sport Gesamt","(998&
098&629)",,387,,375,,7,3,256,117,373,11,3,14,2,,
,"Wissenschaft, Medien-Kommunikation",(303),,61,,59,,,2,14,42,56,,5,5,,,
"Fakultät für Architektur",,,,,,,,,,,,,,,,,,
,Altbauinstandsetzung,(613),935,8,,8,,,,3,5,8,,,0,,,
,Architektur,(013),,764,,704,14,20,7,253,319,572,71,121,192,19,,
,Kunstgeschichte,(692),,163,,161,,,1,14,140,154,1,8,9,1,,
,,,,,,,,,,,,,,,,
§PAGEBREAK
"Statistik 3 - (Studierende nach dem 1.Studienfach) ",,,,,,,,,,,,,,,,,,
,,,,,,,,,,,,,,,,,,
Fakultät,Fach,"(Fach -Schl.)","          Gesamt",,davon,"Rück-
melder","Erst-
immatr.","   Neuimmatrikuliert",," Deutsche",,," Ausländer",,,beurlaubt,,
,,,Fakultät,Fach,,,,1.FSem.,höh.Sem.,männlich,weiblich,Gesamt,männlich,weiblich,Gesamt,,,
,,,,,,,,,,,,,,,,,,
"Fakultät für Bauingenieur-, Geo- und Umweltwissenschaften",,,,,,,,,,,,,,,,,,
,"Angewandte Geowissenschaft",(039),2061,298,,281,1,11,2,182,93,275,15,8,23,3,,
,Bauingenieurwesen,(017),,1240,,1157,13,45,7,691,313,1004,160,76,236,18,,
,"Funktionaler und Konstruktiver Ingenieurbau",(717),,44,,19,,18,5,22,15,37,6,1,7,2,,
,"Geodäsie und Geoinformatik",(171),,94,,87,1,4,,49,26,75,10,9,19,2,,
,"Geographie ",(050&850),,139,,139,,,,61,76,137,2,,2,,,
,Geoökologie,(283),,182,,171,,8,,58,114,172,2,8,10,3,,
,Geologie,(065),,3,,3,,,,2,1,3,,,0,,,
,"Mobilität und Infrastruktur",(617),,19,,8,2,7,1,7,2,9,5,5,10,1,,
,Regionalwissenschaften,(134),,35,,33,1,,,2,7,9,9,17,26,1,,
,"Resources Engineering",(072),,7,,7,,,,1,,1,4,2,6,,,
"Fakultät für Maschinenbau",,,,,,,,,,,,,,,,,,,,,
,Energietechnik,(211),4221,17,,14,,3,,9,2,11,3,3,6,,,,,,
,"Energy Technologies",(311),,48,,48,,,,9,,9,33,6,39,,,,,,
,Maschinenbau,(604),,4022,,3640,92,249,20,2669,317,2986,860,176,1036,21,,,,,
,"Materialwissenschaft und Wekstofftechnik",(704),,134,,123,8,2,1,60,20,80,35,19,54,,,,
"Fakultät für Chemieingenieurwesen und Verfahrenstechnik",,,,,,,,,,,,,,,,,,,,,
,Bioingenieurwesen,(633),1504,330,,309,2,15,,170,131,301,11,18,29,4,,,,,
,"Chemieingenieurwesen
und Verfahrenstechnik",(033),,1149,,1066,19,53,4,729,243,972,96,81,177,7,,,,,
,"Naturwissenschaft und Technik",(186),,25,,25,,,,18,5,23,,2,2,,,,,,
"Fakultät für Elektrotechnik und Informationstechnik",,,,,,,,,,,,,,,,,,,,,
,"Electrical Engineering and Information Technologies",(648),1877,1,,1,,,,,,0,1,,1,,,,
,"Elektrotechnik und Informationstechnik",(048),,1745,,1601,31,99,4,1264,134,1398,274,73,347,10,,
,"Optics and Photonics",(748),,131,,109,18,1,2,11,6,17,82,32,114,1,,,
§PAGEBREAK
"Statistik 3 - (Studierende nach dem 1.Studienfach) ",,,,,,,,,,,,,,,,,,,
,,,,,,,,,,,,,,,,,,,
Fakultät,Fach,"(Fach -Schl.)","          Gesamt",,davon,"Rück-
melder","Erst-
immatr.","   Neuimmatrikuliert",," Deutsche",,," Ausländer",,,beurlaubt,,,
,,,Fakultät,Fach,,,,1.FSem.,höh.Sem.,männlich,weiblich,Gesamt,männlich,weiblich,Gesamt,,,,
,,,,,,,,,,,,,,,,,,,
"Fakultät für Informatik",,,,,,,,,,,,,,,,,,,
,Informatik,(079),2436,2436,,2301,19,82,11,1803,153,1956,367,113,480,23,,,
"Fakultät für Wirtschaftswissenschaften",,,,,,,,,,,,,,,,,,,
,"Technische Volkswirtschaft",(600),3367,200,,180,3,8,3,122,48,170,16,14,30,6,,,
,Volkswirtschaft,(175),,1,,1,,,,,,,1,,1,,,,
,Wirtschaftsingenieurwesen,(179),,3166,,2780,27,208,25,2178,620,2798,178,190,368,126,,
"Interfakultative Studiengänge",,,,,,,,,,,,,,,,,,,
,"Informationswirtschaft *",(610),811,527,,484,8,25,1,339,95,434,45,48,93,9,,,
,"Mechatronik **",(380),,6,,6,,,,6,,6,,,,,,,
,"Mechatronik und Informationstechnik **",(480),,157,,155,,1,1,114,13,127,26,4,30,,,,
,"Wirtschaftsmathematik ***",(276),,121,,107,,8,4,70,29,99,4,18,22,2,,
"International Department",,,,,,,,,,,,,,,,,,,
,"Energy Engineering and Management",(685),51,11,,11,,,,8,1,9,2,,2,,,,
,"Green Mobility Engineering",(684),,10,,9,1,,,8,2,10,,,,,,,
,"Management of Product Development",(679),,5,,5,,,,2,,2,2,1,3,,,,
,"Production and Operations Management",(680),,16,,15,1,,,11,,11,3,2,5,,,,
,"Financial Engineering",(681),,0,,,,,,,,,,,,,,,
,"Service Management  and Engineering",(682),,9,,9,,,,9,,9,,,,,,,
,"Electronic Systems Engineering and Management",(683),,0,,,,,,,,,,,,,,,
"Keiner Fakultät angehörend",,,,,,,,,,,,,,,,,,,
,Studienkolleg,(196),257,257,,160,96,,1,4,1,5,153,99,252,,,
,,,,,,,,,,,,,,,,,,,
,Insgesamt,,22614,22614,0,20691,393,1051,158,13713,4857,18570,2663,1381,4044,321,,,,,
,,,,,,,,,,,,,,,,,,,,,
*,"Studiengang wird von der Fakultät für Informatik und von der Fakultät für Wirtschaftswissenschaften angeboten",
**,"Studiengang wird von der Fakultät für Maschinenbau und von der Fakultät für Elektrotechnik und Informationstechnik angeboten",
***,"Studiengang wird von der Fakultät für Mathematik und von der Fakultät für Wirtschaftswissenschaften angeboten",
,,
,,
§PAGEBREAK
"Statistik 4 - (Studienanfänger nach dem 1.Studienfach) ",
,
Fakultät,Fach,Insgesamt,,davon,Deutsche,,,Ausländer,,,männlich,,,weiblich,,
,,Fakultät,Fach,,"Erst-
immatr.",Neuimmatrikulierte,,Erst-immatr.,Neuimmatrikulierte,,Erst-immatr.,Neuimmatrikulierte,,Erst-immatr.,Neuimmatrikulierte,
,,,,,,1.FSem.,höh.Sem.,,1.FSem.,höh.Sem.,,1.FSem.,höh.Sem.,,1.FSem.,höh.Sem.
"Fakultät für Mathematik",,,,,,,,,,,,,,,,
,Mathematik,46,43,,1,21,10,6,3,2,5,18,9,2,6,3
,Technomathematik,,3,,,,1,1,1,,1,1,,,,1
"Fakultät für Physik",,,,,,,,,,,,,,,,
,Geophysik,102,8,,,6,1,1,,,1,4,,,2,1
,Meteorologie,,7,,,1,5,,,1,,,4,,1,2
,Physik,,87,,,72,4,9,,2,6,65,2,3,7,4
"Fakultät für Chemie und Biowissenschaften",,,,,,,,,,,,,,,,
,Biologie,68,15,,,8,1,5,,1,1,3,1,4,5,1
,Chemie,,43,,,26,8,7,2,,4,19,3,3,9,5
,"Chemische Biologie",,9,,,4,4,1,,,1,1,2,,3,2
,Lebensmittelchemie,,1,,,1,,,,,,,,,1,
"Fakultät für Geistes- und Sozialwissenschaften",,,,,,,,,,,,,,,,
,"Deutsch / Germanistik",62,22,,,10,8,2,1,1,1,,2,1,11,7
,"Europ. Kult./Ideengeschichte",,12,,,7,1,2,,2,,5,,2,2,3
,Geschichte,,0,,,,,,,,,,,,,
,Literaturwissenschaft,,0,,,,,,,,,,,,,
,Pädagogik,,10,,,9,,1,,,,,,1,9,
,"Ingenieurpädagogik Bautechnik",,2,,,1,1,,,,,1,1,,,
,"Ingenieurpädagogik Metalltechnik",,2,,,2,,,,,,2,,,,
,"Ingenieurpädagogik Elektrotechnik",,1,,,1,,,,,,1,,,,
,Philosophie,,1,,,1,,,,,,,,,1,
,Soziologie,,0,,,,,,,,,,,,,
,"Sport Gesamt",,10,,,7,3,,,,,3,2,,4,1
,"Wissenschaft, Medien-Kommunikation",,2,,,,1,,,1,,,,,,2
"Fakultät für Architektur",,,,,,,,,,,,,,,,
,Altbauinstandsetzung,42,0,,,,,,,,,,,,,
,Architektur,,41,,,17,1,14,3,6,7,9,2,7,11,5
,Kunstgeschichte,,1,,,,1,,,,,,1,,,
§PAGEBREAK
"Statistik 4 - (Studienanfänger nach dem 1.Studienfach) "
Fakultät,Fach,Insgesamt,,davon,Deutsche,,,Ausländer,,,männlich,,,weiblich,,
,,Fakultät,Fach,,Erst-immatr.,Neuimmatrikulierte,,Erst-immatr.,Neuimmatrikulierte,,Erst-immatr.,Neuimmatrikulierte,,Erst-immatr.,Neuimmatrikulierte,
,,,,,,1.FSem.,höh.Sem.,,1.FSem.,höh.Sem.,,1.FSem.,höh.Sem.,,1.FSem.,höh.Sem.
"Fakultät für Bauingenieur-, Geo- und Umweltwissenschaften",,,,,,,,,,,,,,,,
,"Angewandte Geowissenschaft",126,14,,,10,2,1,1,,1,8,2,,3,
,Bauingenieurwesen,,65,,,36,7,13,9,,7,22,4,6,23,3
,"Funktionaler und Konstruktiver Ingenieurbau",,23,,,15,5,,3,,,10,3,,8,2
,"Geodäsie und Geoinformatik",,5,,,3,,1,1,,1,4,,,,
,"Geographie ",,0,,,,,,,,,,,,,
,Geoökologie,,8,,,7,,,1,,,2,,,6,
,Geologie,,0,,,,,,,,,,,,,
,"Mobilität und Infrastruktur",,10,,,4,1,2,3,,2,5,,,2,1
,Regionalwissenschaften,,1,,,,,1,,,,,,1,,
,"Resources Engineering",,0,,,,,,,,,,,,,
"Fakultät für Maschinenbau",,,,,,,,,,,,,,,,
,Energietechnik,375,3,,,3,,,,,,1,,,2,
,"Energy Technologies",,0,,,,,,,,,,,,,
,Maschinenbau,,361,,,221,13,92,28,7,68,220,18,24,29,2
,"Materialwissenschaft und Wekstofftechnik",,11,,,2,1,8,,,5,,,3,2,1
"Fakultät für Chemieingenieurwesen und Verfahrenstechnik",,,,,,,,,,,,,,,,
,Bioingenieurwesen,93,17,,,15,,2,,,1,8,,1,7,
,"Chemieingenieurwesen
und Verfahrenstechnik",,76,,,49,3,19,4,1,12,35,2,7,18,2
,"Naturwissenschaft und Technik",,0,,,,,,,,,,,,,
"Fakultät für Elektrotechnik und Informationstechnik",,,,,,,,,,,,,,,,
,"Electrical Engineering and Information Technologies",155,0,,,,,,,,,,,,,
,"Elektrotechnik und Informationstechnik",,134,,,86,2,31,13,2,24,84,4,7,15,
,"Optics and Photonics",,21,,,1,1,18,,1,12,1,1,6,,1
§PAGEBREAK
"Statistik 4 - (Studienanfänger nach dem 1.Studienfach) "
Fakultät,Fach,Insgesamt,,davon,Deutsche,,,Ausländer,,,männlich,,,weiblich,,
,,Fakultät,Fach,,Erst-immatr.,Neuimmatrikulierte,,Erst-immatr.,Neuimmatrikulierte,,Erst-immatr.,Neuimmatrikulierte,,Erst-immatr.,Neuimmatrikulierte,
,,,,,,1.FSem.,höh.Sem.,,1.FSem.,höh.Sem.,,1.FSem.,höh.Sem.,,1.FSem.,höh.Sem.
"Fakultät für Informatik",,,,,,,,,,,,,,,,
,Informatik,112,112,,2,71,7,17,11,4,15,73,9,4,9,2
"Fakultät für Wirtschaftswissenschaften",,,,,,,,,,,,,,,,
,"Technische Volkswirtschaft",274,14,,,5,2,3,3,1,2,5,,1,3,3
,Volkswirtschaft,,0,,,,,,,,,,,,,
,Wirtschaftsingenieurwesen,,260,,1,194,23,26,14,2,11,158,20,16,50,5
"Interfakultative Studiengänge",,,,,,,,,,,,,,,,
,"Informationswirtschaft *",48,34,,,24,1,8,1,,6,23,1,2,2,
,"Mechatronik **",,0,,,,,,,,,,,,,
,"Mechatronik und Informationstechnik **",,2,,,1,1,,,,,1,1,,,
,"Wirtschaftsmathematik ***",,12,,,5,3,,3,1,,5,1,,3,3
"International Department",,,,,,,,,,,,,,,,
,"Energy Engineering and Management",2,0,,,,,,,,,,,,,
,"Green Mobility Engineering",,1,,1,,,,,,,,,1,,,,,,,,
,"Management of Product Development",,0,,,,,,,,,,,,,
,"Production and Operations Management",,1,,,,,1,,,1,,,,,
,"Financial Engineering",,0,,,,,,,,,,,,,
,"Service Management  and Engineering",,0,,,,,,,,,,,,,
,"Electronic Systems Engineering and Management",,0,,,,,,,,,,,,,
"Keiner Fakultät angehörend",,,,,,,,,,,,,,,,
,Studienkolleg,97,97,,3,,,93,,1,66,,1,30,,
,,,,,,,,,,,,,,,,
,Insgesamt,1602,1602,,8,946,122,385,105,36,261,797,96,132,254,62
,,,,,,
*,"Studiengang wird von der Fakultät für Informatik und von der Fakultät für Wirtschaftswissenschaften angeboten"
**,"Studiengang wird von der Fakultät für Maschinenbau und von der Fakultät für Elektrotechnik und Informationstechnik angeboten"
***,"Studiengang wird von der Fakultät für Mathematik und von der Fakultät für Wirtschaftswissenschaften angeboten",,,,,,,,,,,,,,,,,,
,,,,,,,,,,,,,,,,,
,,,,,,,,,,,,,,,,,
,,,,,,,,,,,,,,,,,
,,,,,,,,,,,,,,,,,
§PAGEBREAK
"Statistik 5 - (Studentinnen nach dem 1.Studienfach) ",,,,
,
Fakultät,Fach,"                  Gesamt",,davon,"Rück-
melder","Erst-
immatr.","        Neuimmatrikulierte",,beurlaubt
,,Fakultät,Fach,,,,1.FachSem.,höh.Fachsem.,
,,,,,,,,,,,,,,,,
"Fakultät für Mathematik",,,,,,,,,,,,,,,,
,Mathematik,262,251,,234,2,6,3,6,,,,,,,
,Technomathematik,,11,,8,,,1,2,,,,,,,
"Fakultät für Physik",,,,,,,,,,,,,,,,
,Geophysik,270,29,,26,,2,1,,,,,,,,
,Meteorologie,,50,,46,,1,2,1,,,,,,,
,Physik,,191,,177,3,7,4,,,,,,,,
"Fakultät für Chemie und Biowissenschaften",,,,,,,,,,,,,,,,
,Biologie,825,347,,333,4,5,1,4,,,,,,,
,Chemie,,235,,216,3,9,5,2,,,,,,,
,"Chemische Biologie",,72,,65,,3,2,2,,,,,,,
,Lebensmittelchemie,,171,,168,,1,,2,,,,,,,
"Fakultät für Geistes- und Sozialwissenschaften",,,,,,,,,,,,,,,,,,,,
,"Deutsch / Germanistik",796,348,,325,1,11,7,4,,,,,,,
,"Europ. Kult./Ideengeschichte",,120,,109,2,2,3,4,,,,,,,
,Geschichte,,2,,2,,,,,,,,,,,
,Literaturwissenschaft,,3,,3,,,,
,Pädagogik,,142,,131,1,9,,1,,,,,,,
,"Ingenieurpädagogik Bautechnik",,4,,4,,,,,,,,,,,
,"Ingenieurpädagogik Metalltechnik",,2,,2,,,,,,,,,,,
,"Ingenieurpädagogik Elektrotechnik",,5,,5,,,,,,,,,,,
,Philosophie,,2,,1,,1,,,,,,,,,
,Soziologie,,1,,1,,,,,,,,,,,
,"Sport Gesamt",,120,,113,,4,1,2,,,,,,,
,"Wissenschaft, Medien-Kommunikation",,47,,45,,,2,,,,,,,,
"Fakultät für Architektur",,,,,,,,,,,,,,,,,,,,
,Altbauinstandsetzung,593,5,,5,,,,,,,,,,,
,Architektur,,440,,404,7,11,5,13,,,,,,,
,Kunstgeschichte,,148,,147,,,,1,,,,,,,
,,,,,,,,,,,,,,,,
§PAGEBREAK
"Statistik 5 - (Studentinnen nach dem 1.Studienfach) "
Fakultät,Fach,Gesamt,,davon,"Rück-
melder","Erst-
immatr.","        Neuimmatrikulierte",,beurlaubt
,,Fakultät,Fach,,,,1.FSem.,höh.Sem.,
,,,,,,,,,,,,,,,,
"Fakultät für Bauingenieur-, Geo- und Umweltwissenschaften",,,,,,,,,,,,,,,,
,"Angewandte Geowissenschaft",773,101,,97,,3,,1,,,,,,,
,Bauingenieurwesen,,389,,347,6,23,3,10,,,,,,,
,"Funktionaler und Konstruktiver Ingenieurbau",,16,,5,,8,2,1,,,,,,,
,"Geodäsie und Geoinformatik",,35,,34,,,,1,,,,,,,
,"Geographie ",,76,,76,,,,,,,,,,,
,Geoökologie,,122,,113,,6,,3,,,,,,,
,Geologie,,1,,1,,,,,,,,,,,
,"Mobilität und Infrastruktur",,7,,3,,2,1,1,,,,,,,
,Regionalwissenschaften,,24,,22,1,,,1,,,,,,,
,"Resources Engineering",,2,,2,,,,,,,,,,,
"Fakultät für Maschinenbau",,,,,,,,,,,,,,,,
,Energietechnik,543,5,,3,,2,,,,,,,,,
,"Energy Technologies",,6,,6,,,,,,,,,,,
,Maschinenbau,,493,,433,24,29,2,5,,,,,,,
,"Materialwissenschaft und Wekstofftechnik",,39,,33,3,2,1,,,,,,,,
"Fakultät für Chemieingenieurwesen und Verfahrenstechnik",,,,,,,,,,,,,,,,
,Bioingenieurwesen,480,149,,137,1,7,,4,,,,,,,
,"Chemieingenieurwesen
und Verfahrenstechnik",,324,,293,7,18,2,4,,,,,,,
,"Naturwissenschaft und Technik",,7,,7,,,,,,,,,,,
"Fakultät für Elektrotechnik und Informationstechnik",,,,,,,,,,,,,,,,
,"Electrical Engineering and Information Technologies",245,0,,,,,,,,,,,,,
,"Elektrotechnik und Informationstechnik",,207,,182,7,15,,3,,,,,,,
,"Optics and Photonics",,38,,30,6,,1,1,,,,,,,
,,,,,,,,,,,,,,,,,,,,
,,,,,,,,,,,,,,,,,,,,
,,,,,,,,,,,,,,,,,,,,
,,,,,,,,,,,,,,,,,,,,
,,,,,,,,,,,,,,,,
,,,,,,,,,,,,,,,,
,,,,,,,,,,,,,,,,
§PAGEBREAK
"Statistik 5 - (Studentinnen nach dem 1.Studienfach) "
Fakultät,Fach,Gesamt,,davon,"Rück-
melder","Erst-
immatr.","        Neuimmatrikulierte",,beurlaubt
,,Fakultät,Fach,,,,1.FSem.,höh.Sem.,
,,,,,,,,,
"Fakultät für Informatik",,,,,,,,,
,Informatik,266,266,,246,4,9,2,5
"Fakultät für Wirtschaftswissenschaften",,,,,,,,,
,"Technische Volkswirtschaft",872,62,,52,1,3,3,3
,Volkswirtschaft,,0,,,,,,
,Wirtschaftsingenieurwesen,,810,,707,16,50,5,32
"Interfakultative Studiengänge",,,,,,,,,
,"Informationswirtschaft *",207,143,,134,2,2,,5
,"Mechatronik **",,0,,,,,,
,"Mechatronik und Informationstechnik **",,17,,17,,,,
,"Wirtschaftsmathematik ***",,47,,40,,3,3,1
"International Department",,,,,,,,,
,"Energy Engineering and Management",6,1,,1,,,,
,"Green Mobility Engineering",,2,,1,1,,,,,,,,,,
,"Management of Product Development",,1,,1,,,,
,"Production and Operations Management",,2,,2,,,,,,,,
,"Financial Engineering",,0,,,,,,
,"Service Management  and Engineering",,0,,,,,,
,"Electronic Systems Engineering and Management",,0,,,,,,
"Keiner Fakultät angehörend",,,,,,,,,
,Studienkolleg,100,100,,70,30,,,
,,,,,,,,,
,Insgesamt,6238,6238,,5665,132,254,62,125
*,"Studiengang wird von der Fakultät für Informatik und von der Fakultät für Wirtschaftswissenschaften angeboten"
**,"Studiengang wird von der Fakultät für Maschinenbau und von der Fakultät für Elektrotechnik und Informationstechnik angeboten"
***,"Studiengang wird von der Fakultät für Mathematik und von der Fakultät für Wirtschaftswissenschaften angeboten",,,,,,,,,,,,,,,,,,
,
,
§PAGEBREAK
"Statistik 6 - (Studierende nach Fächergruppen)"
Fach,Gesamt,davon,,,,,,,,,,beurlaubt
,,"Rück-
melder","Erst-
immatr.",Neuimmatrikulierte,,Deutsche,,,Ausländer,,,
,,,,1.FSem.,höh.Sem.,männlich,weiblich,Gesamt,männlich,weiblich,Gesamt,
,,,,,,,,,,,,
"Sprach- und Kulturwissenschaften",,,,,,,,,,,,,,,
,,,,,,,,,,,,,,,
"Deutsch / Germanistik",465,438,2,11,9,111,313,424,6,35,41,5
"Europ. Kult./Ideengeschichte",216,200,2,7,3,91,106,197,5,14,19,4
Geschichte,6,6,,,,4,2,6,,,,
Literaturwissenschaft,5,5,,,,2,2,4,,1,1,
"Pädagogik        ",158,147,1,9,,14,128,142,2,14,16,1
"Ingenieurpädagogik Bautechnik",15,13,,1,1,11,4,15,,,,,,,
"Ingenieurpädagogik Metalltechnik",22,20,,2,,20,2,22,,,,,,,
"Ingenieurpädagogik Elektrotechnik",13,12,,1,,7,4,11,1,1,2,,,,
Philosophie,3,2,,1,,1,2,3,,,,
,903,,,,,,,,,,,
Sport,,,,,,,,,,,,
,,,,,,,,,,,,,,,
"Sport Gesamt",387,375,,7,3,256,117,373,11,3,14,2
,387,,,,,,,,,,,
"Rechts-, Wirtschafts- und Sozialwissenschaften",,,,,,,,,,,,,,,
,,,,,,,,,,,,,,,
Soziologie,1,1,,,,,,,,1,1,
Volkswirtschaft,1,1,,,,,,,1,,1,
Techn.Volkswirtschaftslehre,200,180,3,8,3,122,48,170,16,14,30,6
Wirtschaftsingenieurwesen,3166,2780,27,208,25,2178,620,2798,178,190,368,126
"Wissenschaft, Medien-Kommunikation",61,59,,,2,14,42,56,,5,5,
,3429,,,,,,,,,,,
,,,,,,,,,,,,,,,
,,,,,,,,,,,,,,,
,,,,,,,,,,,,,,,
,,,,,,,,,,,,,,,
,,,,,,,,,,,,,,,
,,,,,,,,,,,,,,,
,,,,,,,,,,,,,,,
,,,,,,,,,,,,,,,
,,,,,,,,,,,,,,,
,,,,,,,,,,,,,,,
,,,,,,,,,,,,,,,
,,,,,,,,,,,,,,,
,,,,,,,,,,,,,,,
,,,,,,,,,,,,,,,
,,,,,,,,,,,,,,,
,,,,,,,,,,,,,,,
,,,,,,,,,,,,,,,
,,,,,,,,,,,,,,,
,,,,,,,,,,,,,,,
,,,,,,,,,,,,,,,
,,,,,,,,,,,,,,,
,,,,,,,,,,,,,,,
,,,,,,,,,,,,,,,
,,,,,,,,,,,,,,,
,,,,,,,,,,,,
,,,,,,,,,,,,
,,,,,,,,,,,,
,,,,,,,,,,,,
,
§PAGEBREAK
"Statistik 6 - (Studierende nach Fächergruppen)"
Fach,Gesamt,davon,,,,,,,,,,beurlaubt
,,"Rück-
melder","Erst-
immatr.",Neuimmatrikulierte,,Deutsche,,,Ausländer,,,
,,,,1.FSem.,höh.Sem.,männlich,weiblich,Gesamt,männlich,weiblich,Gesamt,
"Mathematik, Naturwissenschaften",,,,,,,,,,,,,,,
,,,,,,,,,,,,,,,
"Angewandte Geowissenschaft",298,281,1,11,2,182,93,275,15,8,23,3
Biologie,542,520,5,8,2,175,314,489,20,33,53,7
Chemie,666,618,7,28,8,401,196,597,30,39,69,5
Geographie,139,139,,,,61,76,137,2,,2,
Geologie,3,3,,,,2,1,3,,,,
Geoökologie,182,171,,8,,58,114,172,2,8,10,3
Geophysik,98,88,1,6,1,65,29,94,4,,4,2,,,
Informatik,2436,2301,19,82,11,1803,153,1956,367,113,480,23,,,
Informationswirtschaft,527,484,8,25,1,339,95,434,45,48,93,9
"Chemische Biologie",123,112,1,4,4,49,61,110,2,11,13,2,,,
Lebensmittelchemie,212,209,,1,,40,160,200,1,11,12,2,,,
Mathematik,782,723,7,24,12,483,208,691,48,43,91,16
Meteorologie,106,96,,1,6,54,47,101,2,3,5,3
Physik,1171,1074,9,72,6,931,178,1109,49,13,62,10
Technomathematik,42,36,1,1,1,26,11,37,5,,5,3
Wirtschaftsmathematik,121,107,,8,4,70,29,99,4,18,22,2
,7448,,,,,,,,,,,
Ingenieurwissenschaften,,,,,,,,,,,,,,,
,,,,,,,,,,,,,,,
Architektur,764,704,14,20,7,253,319,572,71,121,192,19
Altbauinstandsetzung,8,8,,,,3,5,8,,,,
Bauingenieurwesen,1240,1157,13,45,7,691,313,1004,160,76,236,18
Bioingenieurwesen,330,309,2,15,,170,131,301,11,18,29,4
"Chemieing. u. Verf.technik",1149,1066,19,53,4,729,243,972,96,81,177,7
"Elektro- u. Inf.-Technik",1745,1601,31,99,4,1264,134,1398,274,73,347,10
"Electrical Engineering and Information Technologies",1,1,,,,,,,1,,1,
"Optics and Photonics",131,109,18,1,2,11,6,17,82,32,114,1
"Geodäsie und Geoinformatik",94,87,1,4,,49,26,75,10,9,19,2
,,,,,,,,,,,,,,,
,,,,,,,,,,,,,,,
,,,,,,,,,,,,,,,
,,,,,,,,,,,,
,,,,,,,,,,,,
,,,,,,,,,,,,,,,
,,,,,,,,,,,,,,,
,,,,,,,,,,,,,,,
,,,,,,,,,,,,,,,
,,,,,,,,,,,,,,,
,,,,,,,,,,,,,,,
,,,,,,,,,,,,,,,
,,,,,,,,,,,,,,,
§PAGEBREAK
"Statistik 6 - (Studierende nach Fächergruppen)"
Fach,Gesamt,davon,,,,,,,,,,beurlaubt
,,"Rück-
melder","Erst-
immatr.",Neuimmatrikulierte,,Deutsche,,,Ausländer,,,
,,,,1.FSem.,höh.Sem.,männlich,weiblich,Gesamt,männlich,weiblich,Gesamt,
"noch Ingenieurwissenschaften"
"Naturwissenschaft und Technik",25,25,,,,18,5,23,0,2,2,
"Management of Product Development",5,5,,,,2,,2,2,1,3,,,,
"Production and Operattion Management     ",16,15,1,,,11,,11,3,2,5,,,,
"Financial Engineering",0,,,,,,,,,,,,,,
"Service Management Engineering",9,9,,,,9,,9,,,,,,,
"Electronic Systems Engineering and Management",0,,,,,,,,,,,,,,
"Energy Engineering and Management",11,11,,,,8,1,9,2,,2,,,,
"Green Mobility Engineering",10,9,1,,,8,2,10,,,,,,,
Maschinenbau,4022,3640,92,249,20,2669,317,2986,860,176,1036,21,,,
"Materialwissenschaft und Werkstofftechnik",134,123,8,2,1,60,20,80,35,19,54,,,,
Mechatronik,6,6,,,,6,,6,,,,,,,
"Mechatronik und Informationstechnik **",157,155,,1,1,114,13,127,26,4,30,,,,
Regionalwissenschaft,35,33,1,,,2,7,9,9,17,26,1
"Resources Engineering",7,7,,,,1,,1,4,2,6,
Energietechnik,17,14,,3,,9,2,11,3,3,6,
"Energy Technologies",48,48,,,,9,,9,33,6,39,
"Funktionaler und Konstruktiver Ingenieurbau",44,19,,18,5,22,15,37,6,1,7,2
"Mobilität und Infrastruktur",19,8,2,7,1,7,2,9,5,5,10,1
,10027,,,,,,,,,,,
"Kunst, Kunstwissenschaft",,,,,,,,,,,,,,,
,,,,,,,,,,,,
Kunstgeschichte,163,161,,,1,14,140,154,1,8,9,1
,163,,,,,,,,,,,
"Sonstige Fächer",,,,,,,,,,,,,,,
,,,,,,,,,,,,
Studienkolleg,257,160,96,,1,4,1,5,153,99,252,,,,
,,,,,,,,,,,,,,,
Insgesamt,22614,20691,393,1051,158,13713,4857,18570,2663,1381,4044,321
,
,
,
§PAGEBREAK
"Statistik 7 ",
"KIT-Fakultät für Mathematik, Fach Mathematik",,,,,,,,,,,,,,,
,,,Fachsemester,,,,,,,,,,,,
angestr.Abschlussprüfung,,Summe,1,2,3,4,5,6,7,8,9,10,11,12,>12
,,,,,,,,,,,,,,,
Diplomprüfung,HF,107,,,,,,,1,,,3,13,30,60,
,,,,,,,,,,,,,,,
"Dipl.-Ing. Pädagoge",HF,0,,,,,,,,,,,,,
,,,,,,,,,,,,,,,
Bachelor,HF,387,2,128,3,103,5,97,5,36,1,7,,,
,EF,0,,,,,,,,,,,,,
,,,,,,,,,,,,,,,
Master,HF,115,25,38,17,19,4,5,3,2,1,,,1,
,EF,0,,,,,,,,,,,,,
,,,,,,,,,,,,,,,
"Staatsexamen o.Lehramt",HF,0,,,,,,,,,,,,,
,,,,,,,,,,,,,,,
"Lehramt an Gymnasien",1.HF,144,1,30,,22,1,22,2,21,4,21,1,13,6
,2.HF,168,,48,2,27,2,31,2,23,2,21,1,5,4
,WF,18,,1,,4,,3,,8,,1,,,1
,EF,12,,,,2,,4,,1,,1,,2,2
,,,,,,,,,,,,,,,
"Lehramt an berufl.Schulen",HF,0,,,,,,,,,,,,,
,,,,,,,,,,,,,,,
Aufbaustudium,HF,0,,,,,,,,,,,,,
,,,,,,,,,,,,,,,
"Abschlussprüfung n.mögl.",1.HF,5,,,,,2,1,1,,1,,,,
,2.HF,0,,,,,,,,,,,,,
,,,,,,,,,,,,,,,
,,,,,,,,,,,,,,,
"Promotion m.ASP",HF,41,8,8,2,5,4,3,2,2,,1,,,6
,,,,,,,,,,,,,,,
Gesamt,HF,967,36,252,24,176,18,159,16,84,9,53,15,49,76
,EF,12,0,0,0,2,0,4,0,1,0,1,0,2,2
,WF,18,0,1,0,4,0,3,0,8,0,1,0,0,1
,,,,,,,,,,,,,,,
,,
,,,,,,,,,,,,,,,,,,
,,
,,
,,,,,,,,,,",,"
§PAGEBREAK
"Statistik 7 ",
"KIT-Fakultät für Mathematik, Fach Technomathematik",,,,,,,,,,,,,,,
,,,Fachsemester,,,,,,,,,,,,
angestr.Abschlussprüfung,,Summe,1,2,3,4,5,6,7,8,9,10,11,12,>12
,,,,,,,,,,,,,,,
Diplomprüfung,HF,26,,,,,,,,,,,3,7,16
,,,,,,,,,,,,,,,
"Dipl.-Ing. Pädagoge",HF,0,,,,,,,,,,,,,
,,,,,,,,,,,,,,,
Bachelor,HF,0,,,,,,,,,,,,,
,EF,0,,,,,,,,,,,,,
,,,,,,,,,,,,,,,
Master,HF,15,4,3,6,1,1,,,,,,,,
,EF,0,,,,,,,,,,,,,
,,,,,,,,,,,,,,,
"Staatsexamen o.Lehramt",HF,0,,,,,,,,,,,,,
,,,,,,,,,,,,,,,
"Lehramt an Gymnasien",1.HF,0,,,,,,,,,,,,,
,2.HF,0,,,,,,,,,,,,,
,WF,0,,,,,,,,,,,,,
,EF,0,,,,,,,,,,,,,
,,,,,,,,,,,,,,,
"Lehramt an berufl.Schulen",HF,0,,,,,,,,,,,,,
,,,,,,,,,,,,,,,
Aufbaustudium,HF,0,,,,,,,,,,,,,
,,,,,,,,,,,,,,,
"Abschlussprüfung n.mögl.",1.HF,0,,,,,,,,,,,,,
,2.HF,0,,,,,,,,,,,,,
,,,,,,,,,,,,,,,
,,,,,,,,,,,,,,,
"Promotion m.ASP",HF,1,,,,,,,,,,,,,1
,,,,,,,,,,,,,,,
Gesamt,HF,42,4,3,6,1,1,0,0,0,0,0,3,7,17
,EF,0,0,0,0,0,0,0,0,0,0,0,0,0,0
,WF,0,0,0,0,0,0,0,0,0,0,0,0,0,0
,,,,,,,,,,,,,,,
§PAGEBREAK
"Statistik 7 ",
"KIT-Fakultät für Physik, Fach Geophysik",,,,,,,,,,,,,,,
,,,Fachsemester,,,,,,,,,,,,
angestr.Abschlussprüfung,,Summe,1,2,3,4,5,6,7,8,9,10,11,12,>12
,,,,,,,,,,,,,,,
Diplomprüfung,HF,4,,,,,,,,,,,,,4
,,,,,,,,,,,,,,,
"Dipl.-Ing. Pädagoge",HF,0,,,,,,,,,,,,,
,,,,,,,,,,,,,,,
Bachelor,HF,62,,31,,14,,12,1,4,,,,,
,EF,0,,,,,,,,,,,,,
,,,,,,,,,,,,,,,
Master,HF,29,8,3,4,8,3,3,,,,,,,
,EF,0,,,,,,,,,,,,,
,,,,,,,,,,,,,,,
"Staatsexamen o.Lehramt",HF,0,,,,,,,,,,,,,
,,,,,,,,,,,,,,,
"Lehramt an Gymnasien",1.HF,0,,,,,,,,,,,,,
,2.HF,0,,,,,,,,,,,,,
,WF,0,,,,,,,,,,,,,
,EF,0,,,,,,,,,,,,,
,,,,,,,,,,,,,,,
"Lehramt an berufl.Schulen",HF,0,,,,,,,,,,,,,
,,,,,,,,,,,,,,,
Aufbaustudium,HF,0,,,,,,,,,,,,,
,,,,,,,,,,,,,,,
"Abschlussprüfung n.mögl.",1.HF,1,1,,,,,,,,,,,,
,2.HF,0,,,,,,,,,,,,,
,,,,,,,,,,,,,,,
,,,,,,,,,,,,,,,
"Promotion m.ASP",HF,2,,1,,,,1,,,,,,,
,,,,,,,,,,,,,,,
Gesamt,HF,98,9,35,4,22,3,16,1,4,0,0,0,0,4
,EF,0,0,0,0,0,0,0,0,0,0,0,0,0,0
,WF,0,0,0,0,0,0,0,0,0,0,0,0,0,0
,,,,,,,,,,,,,,,
§PAGEBREAK
"Statistik 7 ",
"KIT-Fakultät für Physik, Fach Meteorologie",,,,,,,,,,,,,,,
,,,Fachsemester,,,,,,,,,,,,
angestr.Abschlussprüfung,,Summe,1,2,3,4,5,6,7,8,9,10,11,12,>12
,,,,,,,,,,,,,,,
Diplomprüfung,HF,8,,,,,,,,,,,,1,7
,,,,,,,,,,,,,,,
"Dipl.-Ing. Pädagoge",HF,0,,,,,,,,,,,,,
,,,,,,,,,,,,,,,
Bachelor,HF,77,,39,,17,,15,,4,1,1,,,
,EF,0,,,,,,,,,,,,,
,,,,,,,,,,,,,,,
Master,HF,16,3,5,3,2,1,2,,,,,,,
,EF,0,,,,,,,,,,,,,
,,,,,,,,,,,,,,,
"Staatsexamen o.Lehramt",HF,0,,,,,,,,,,,,,
,,,,,,,,,,,,,,,
"Lehramt an Gymnasien",1.HF,0,,,,,,,,,,,,,
,2.HF,0,,,,,,,,,,,,,
,WF,0,,,,,,,,,,,,,
,EF,0,,,,,,,,,,,,,
,,,,,,,,,,,,,,,
"Lehramt an berufl.Schulen",HF,0,,,,,,,,,,,,,
,,,,,,,,,,,,,,,
Aufbaustudium,HF,0,,,,,,,,,,,,,
,,,,,,,,,,,,,,,
"Abschlussprüfung n.mögl.",1.HF,1,,,,,,1,,,,,,,
,2.HF,0,,,,,,,,,,,,,
,,,,,,,,,,,,,,,
,,,,,,,,,,,,,,,
"Promotion m.ASP",HF,5,1,1,1,,1,,,,,,,,1
,,,,,,,,,,,,,,,
Gesamt,HF,107,4,45,4,19,2,18,0,4,1,1,0,1,8
,EF,0,0,0,0,0,0,0,0,0,0,0,0,0,0
,WF,0,0,0,0,0,0,0,0,0,0,0,0,0,0
,,,,,,,,,,,,,,,
§PAGEBREAK
"Statistik 7 ",
"KIT-Fakultät für Physik, Fach Physik",,,,,,,,,,,,,,,
,,,Fachsemester,,,,,,,,,,,,
angestr.Abschlussprüfung,,Summe,1,2,3,4,5,6,7,8,9,10,11,12,>12
,,,,,,,,,,,,,,,
Diplomprüfung,HF,99,,,,,,,,,,1,4,8,86
,,,,,,,,,,,,,,,
"Dipl.-Ing. Pädagoge",HF,0,,,,,,,,,,,,,
,,,,,,,,,,,,,,,
Bachelor,HF,642,2,192,3,152,3,189,7,78,2,13,1,,
,EF,0,,,,,,,,,,,,,
,,,,,,,,,,,,,,,
Master,HF,276,66,46,59,57,39,9,,,,,,,
,EF,0,,,,,,,,,,,,,
,,,,,,,,,,,,,,,
"Staatsexamen o.Lehramt",HF,0,,,,,,,,,,,,,
,,,,,,,,,,,,,,,
"Lehramt an Gymnasien",1.HF,135,1,42,0,20,,19,1,23,3,15,2,3,6
,2.HF,0,,,,,,,,,,,,,
,WF,5,,1,,2,,,,,,,,2,
,EF,3,,,,2,,1,,,,,,,
,,,,,,,,,,,,,,,
"Lehramt an berufl.Schulen",HF,0,,,,,,,,,,,,,
,,,,,,,,,,,,,,,
Aufbaustudium,HF,0,,,,,,,,,,,,,
,,,,,,,,,,,,,,,
"Abschlussprüfung n.mögl.",1.HF,8,1,,1,1,,1,,1,2,1,,,
,2.HF,0,,,,,,,,,,,,,
,,,,,,,,,,,,,,,
,,,,,,,,,,,,,,,
"Promotion m.ASP",HF,114,14,8,9,10,7,18,11,6,4,,2,,25,,,
,,,,,,,,,,,,,,,
Gesamt,HF,1274,84,288,72,240,49,236,19,108,11,30,9,11,117
,EF,3,0,0,0,2,0,1,0,0,0,0,0,0,0
,WF,5,0,1,0,2,0,0,0,0,0,0,0,2,0
,,,,,,,,,,,,,,,
§PAGEBREAK
"Statistik 7 ",
"KIT-Fakultät für Chemie und Biowissenschaften, Fach Lebensmittelchemie",,,,,,,,,,,,,,,
,,,Fachsemester,,,,,,,,,,,,
angestr.Abschlussprüfung,,Summe,1,2,3,4,5,6,7,8,9,10,11,12,>12
,,,,,,,,,,,,,,,
"Diplomprüfung  *",HF,0,,,,,,,,,,,,,
,,,,,,,,,,,,,,,
"Dipl.-Ing. Pädagoge",HF,0,,,,,,,,,,,,,
,,,,,,,,,,,,,,,
Bachelor,HF,121,,42,,45,1,33,,,,,,,
,EF,0,,,,,,,,,,,,,
,,,,,,,,,,,,,,,
Master,,,,,,,,,,,,,,,
,EF,0,,,,,,,,,,,,,
,,,,,,,,,,,,,,,
"Staatsexamen o.Lehramt  *",HF,86,,,,,,,2,43,,24,6,7,4
,,,,,,,,,,,,,,,
"Lehramt an Gymnasien",1.HF,0,,,,,,,,,,,,,
,2.HF,0,,,,,,,,,,,,,
,WF,0,,,,,,,,,,,,,
,EF,0,,,,,,,,,,,,,
,,,,,,,,,,,,,,,
"Lehramt an berufl.Schulen",HF,0,,,,,,,,,,,,,
,,,,,,,,,,,,,,,
Aufbaustudium,HF,0,,,,,,,,,,,,,
,,,,,,,,,,,,,,,
"Abschlussprüfung n.mögl.",1.HF,0,,,,,,,,,,,,,
,2.HF,0,,,,,,,,,,,,,
,,,,,,,,,,,,,,,
,,,,,,,,,,,,,,,
"Promotion m.ASP",HF,5,1,,,3,,,,1,,,,,
,,,,,,,,,,,,,,,
Gesamt,HF,212,1,42,0,48,1,33,2,44,0,24,6,7,4
,EF,0,0,0,0,0,0,0,0,0,0,0,0,0,0
,WF,0,0,0,0,0,0,0,0,0,0,0,0,0,0
§PAGEBREAK
"Statistik 7",
"KIT-Fakultät für Chemie und Biowissenschaften, Fach Chemie",,,,,,,,,,,,,,,
,,,Fachsemester,,,,,,,,,,,,
angestr.Abschlussprüfung,,Summe,1,2,3,4,5,6,7,8,9,10,11,12,>12
,,,,,,,,,,,,,,,
"Diplomprüfung  ",HF,80,,,,,,,,,1,1,14,21,43
,,,,,,,,,,,,,,,
"Dipl.-Ing. Pädagoge",HF,0,,,,,,,,,,,,,
,,,,,,,,,,,,,,,
Bachelor,HF,314,,112,,84,1,95,1,18,,3,,,
,EF,0,,,,,,,,,,,,,
,,,,,,,,,,,,,,,
Master,HF,67,15,30,9,12,,,1,,,,,,
,EF,0,,,,,,,,,,,,,
,,,,,,,,,,,,,,,
"Staatsexamen o.Lehramt  *",HF,0,,,,,,,,,,,,,
,,,,,,,,,,,,,,,
"Lehramt an Gymnasien",1.HF,58,,21,1,8,1,10,1,10,1,3,,1,1
,2.HF,56,,3,,9,,17,,12,,10,1,1,3
,WF,1,,1,,,,,,,,,,,
,EF,1,,,,,,,,,,,,1,
,,,,,,,,,,,,,,,
"Lehramt an berufl.Schulen",HF,0,,,,,,,,,,,,,
,,,,,,,,,,,,,,,
Aufbaustudium,HF,0,,,,,,,,,,,,,
,,,,,,,,,,,,,,,
"Abschlussprüfung n.mögl.",1.HF,7,,1,,1,1,,1,2,,1,,,
,2.HF,0,,,,,,,,,,,,,
,,,,,,,,,,,,,,,
,,,,,,,,,,,,,,,
"Promotion m.ASP",HF,140,18,16,11,22,20,14,5,7,1,1,3,6,16
,,,,,,,,,,,,,,,
Gesamt,HF,722,33,183,21,136,23,136,9,49,3,19,18,29,63
,EF,1,0,0,0,0,0,0,0,0,0,0,0,1,0
,WF,1,0,1,0,0,0,0,0,0,0,0,0,0,0
,,,,,,,,,,,,,,,
§PAGEBREAK
"Statistik 7 ",
"KIT-Fakultät für Chemie und Biowissenschaften, Fach Chemische Biologie",,,,,,,,,,,,,,,
,,,Fachsemester,,,,,,,,,,,,
angestr.Abschlussprüfung,,Summe,1,2,3,4,5,6,7,8,9,10,11,12,>12
,,,,,,,,,,,,,,,
"Diplomprüfung  ",HF,0,,,,,,,,,,,,,
,,,,,,,,,,,,,,,
"Dipl.-Ing. Pädagoge",HF,0,,,,,,,,,,,,,
,,,,,,,,,,,,,,,
Bachelor,HF,74,,23,,25,1,19,,5,1,,,,
,EF,0,,,,,,,,,,,,,
,,,,,,,,,,,,,,,
Master,HF,44,6,13,5,18,1,1,,,,,,,
,EF,0,,,,,,,,,,,,,
,,,,,,,,,,,,,,,
"Staatsexamen o.Lehramt  *",HF,0,,,,,,,,,,,,,
,,,,,,,,,,,,,,,
"Lehramt an Gymnasien",1.HF,0,,,,,,,,,,,,,
,2.HF,0,,,,,,,,,,,,,
,WF,0,,,,,,,,,,,,,
,EF,0,,,,,,,,,,,,,
,,,,,,,,,,,,,,,
"Lehramt an berufl.Schulen",HF,0,,,,,,,,,,,,,
,,,,,,,,,,,,,,,
Aufbaustudium,HF,0,,,,,,,,,,,,,
,,,,,,,,,,,,,,,
"Abschlussprüfung n.mögl.",1.HF,1,,,,1,,,,,,,,,
,2.HF,0,,,,,,,,,,,,,
,,,,,,,,,,,,,,,
,,,,,,,,,,,,,,,
"Promotion m.ASP",HF,4,,1,1,,,,2,,,,,,
,,,,,,,,,,,,,,,
Gesamt,HF,123,6,37,6,44,2,20,2,5,1,0,0,0,0
,EF,0,0,0,0,0,0,0,0,0,0,0,0,0,0
,WF,0,0,0,0,0,0,0,0,0,0,0,0,0,0
,,,,,,,,,,,,,,,
§PAGEBREAK
"Statistik 7 ",
"KIT-Fakultät für Chemie und Biowissenschaften, Fach Biologie",,,,,,,,,,,,,,,
,,,Fachsemester,,,,,,,,,,,,
angestr.Abschlussprüfung,,Summe,1,2,3,4,5,6,7,8,9,10,11,12,>12
,,,,,,,,,,,,,,,
"Diplomprüfung  ",HF,5,,,,,,,,,,,,,5
,,,,,,,,,,,,,,,
"Dipl.-Ing. Pädagoge",HF,0,,,,,,,,,,,,,
,,,,,,,,,,,,,,,
Bachelor,HF,317,2,134,2,69,3,92,,12,,3,,,
,EF,0,,,,,,,,,,,,,
,,,,,,,,,,,,,,,
Master,HF,109,8,44,5,43,3,3,,3,,,,,
,EF,0,,,,,,,,,,,,,
,,,,,,,,,,,,,,,
"Staatsexamen o.Lehramt  *",HF,0,,,,,,,,,,,,,
,,,,,,,,,,,,,,,
"Lehramt an Gymnasien",1.HF,43,,7,,8,,8,,7,1,8,,3,1
,2.HF,18,,2,,2,,6,,4,,3,1,,
,WF,1,,,,,,,,1,,,,,
,EF,14,,2,,2,,2,1,4,,,,1,2
,,,,,,,,,,,,,,,
"Lehramt an berufl.Schulen",HF,0,,,,,,,,,,,,,
,,,,,,,,,,,,,,,
Aufbaustudium,HF,0,,,,,,,,,,,,,
,,,,,,,,,,,,,,,
"Abschlussprüfung n.mögl.",1.HF,5,,,,1,1,2,,,,,,1,
,2.HF,0,,,,,,,,,,,,,
,,,,,,,,,,,,,,,
,,,,,,,,,,,,,,,
"Promotion m.ASP",HF,63,3,8,3,10,15,8,8,5,,,,,3
,,,,,,,,,,,,,,,
Gesamt,HF,560,13,195,10,133,22,119,8,31,1,14,1,4,9
,EF,14,0,2,0,2,0,2,1,4,0,0,0,1,2
,WF,1,0,0,0,0,0,0,0,1,0,0,0,0,0
,,,,,,,,,,,,,,,
§PAGEBREAK
"Statistik 7 ",
"KIT-Fakultät für Geistes- und Sozialwissenschaften, Fach Deutsch / Germanistik",,,,,,,,,,,,,,,
,,,Fachsemester,,,,,,,,,,,,
angestr.Abschlussprüfung,,Summe,1,2,3,4,5,6,7,8,9,10,11,12,>12
,,,,,,,,,,,,,,,
Diplomprüfung,HF,0,,,,,,,,,,,,,
,,,,,,,,,,,,,,,
"Dipl.-Ing. Pädagoge",HF,0,,,,,,,,,,,,,
,,,,,,,,,,,,,,,
Bachelor,HF,252,2,71,2,37,,50,3,45,3,17,,14,8
,EF,0,,,,,,,,,,,,,
,,,,,,,,,,,,,,,
Master,HF,77,9,8,5,14,8,14,4,4,2,5,,2,2
,EF,0,,,,,,,,,,,,,
,,,,,,,,,,,,,,,
"Staatsexamen o.Lehramt",HF,0,,,,,,,,,,,,,
,,,,,,,,,,,,,,,
"Lehramt an Gymnasien",1.HF,95,,19,,10,2,27,1,9,1,9,1,8,8
,2.HF,119,,40,,9,,4,1,23,1,26,1,8,6
,WF,26,,7,,4,,4,,5,,3,1,,2
,EF,4,,2,,1,1,,,,,,,,
,,,,,,,,,,,,,,,
"Lehramt an berufl.Schulen",HF,0,,,,,,,,,,,,,
,,,,,,,,,,,,,,,
Aufbaustudium,HF,0,,,,,,,,,,,,,
,,,,,,,,,,,,,,,
"Abschlussprüfung n.mögl.",1.HF,8,,1,1,2,1,2,,,,1,,,
,2.HF,0,,,,,,,,,,,,,
,,,,,,,,,,,,,,,
,,,,,,,,,,,,,,,
"Promotion m.ASP",HF,8,2,,1,2,2,,,,,1,,,
,,,,,,,,,,,,,,,
Gesamt,HF,559,13,139,9,74,13,97,9,81,7,59,2,32,24
,EF,4,0,2,0,1,1,0,0,0,0,0,0,0,0
,WF,26,0,7,0,4,0,4,0,5,0,3,1,0,2
,,,,,,,,,,,,,,,
§PAGEBREAK
"Statistik 7 ",
"KIT-Fakultät für Geistes- und Sozialwissenschaften, Fach Europ. Kultur u. Ideengeschichte",,,,,,,,,,,,,,,
,,,Fachsemester,,,,,,,,,,,,
angestr.Abschlussprüfung,,Summe,1,2,3,4,5,6,7,8,9,10,11,12,>12
,,,,,,,,,,,,,,,
Diplomprüfung,HF,0,,,,,,,,,,,,,
,,,,,,,,,,,,,,,
"Dipl.-Ing. Pädagoge",HF,0,,,,,,,,,,,,,
,,,,,,,,,,,,,,,
Bachelor,HF,151,1,55,1,35,2,23,1,17,1,8,,3,4
,EF,0,,,,,,,,,,,,,
,,,,,,,,,,,,,,,
Master,HF,53,5,10,6,9,9,7,,2,1,2,,,2
,EF,0,,,,,,,,,,,,,
,,,,,,,,,,,,,,,
"Staatsexamen o.Lehramt",HF,0,,,,,,,,,,,,,
,,,,,,,,,,,,,,,
"Lehramt an Gymnasien",1.HF,0,,,,,,,,,,,,,
,2.HF,0,,,,,,,,,,,,,
,WF,0,,,,,,,,,,,,,
,EF,0,,,,,,,,,,,,,
,,,,,,,,,,,,,,,
"Lehramt an berufl.Schulen",HF,0,,,,,,,,,,,,,
,,,,,,,,,,,,,,,
Aufbaustudium,HF,0,,,,,,,,,,,,,
,,,,,,,,,,,,,,,
"Abschlussprüfung n.mögl.",1.HF,4,,1,,,1,,,,2,,,,
,2.HF,0,,,,,,,,,,,,,
,,,,,,,,,,,,,,,
,,,,,,,,,,,,,,,
"Promotion m.ASP",HF,9,2,,1,,1,1,1,,,2,1,,
,,,,,,,,,,,,,,,
Gesamt,HF,217,8,66,8,44,13,31,2,19,4,12,1,3,6
,EF,0,0,0,0,0,0,0,0,0,0,0,0,0,0
,WF,0,0,0,0,0,0,0,0,0,0,0,0,0,0
,,,,,,,,,,,,,,,
§PAGEBREAK
"Statistik 7 ",
"KIT-Fakultät für Geistes- und Sozialwissenschaften, Fach Pädagogik",,,,,,,,,,,,,,,
,,,Fachsemester,,,,,,,,,,,,
angestr.Abschlussprüfung,,Summe,1,2,3,4,5,6,7,8,9,10,11,12,>12
,,,,,,,,,,,,,,,
Diplomprüfung,HF,0,,,,,,,,,,,,,
,,,,,,,,,,,,,,,
"Dipl.-Ing. Pädagoge",HF,0,,,,,,,,,,,,,
,,,,,,,,,,,,,,,
Bachelor,HF,105,1,27,,24,3,30,3,5,2,4,,1,5
,EF,0,,,,,,,,,,,,,
,,,,,,,,,,,,,,,
Master,HF,54,8,9,8,9,5,2,3,2,3,2,1,,2
,EF,0,,,,,,,,,,,,,
,,,,,,,,,,,,,,,
"Staatsexamen o.Lehramt",HF,0,,,,,,,,,,,,,
,,,,,,,,,,,,,,,
"Lehramt an Gymnasien",1.HF,0,,,,,,,,,,,,,
,2.HF,0,,,,,,,,,,,,,
,WF,0,,,,,,,,,,,,,
,EF,0,,,,,,,,,,,,,
,,,,,,,,,,,,,,,
"Lehramt an berufl.Schulen",HF,0,,,,,,,,,,,,,
,,,,,,,,,,,,,,,
Aufbaustudium,HF,0,,,,,,,,,,,,,
,,,,,,,,,,,,,,,
"Abschlussprüfung n.mögl.",1.HF,0,,,,,,,,,,,,,
,2.HF,0,,,,,,,,,,,,,
,,,,,,,,,,,,,,,
,,,,,,,,,,,,,,,
"Promotion m.ASP",HF,3,1,,,,,1,,1,,,,,
,,,,,,,,,,,,,,,
Gesamt,HF,162,10,36,8,33,8,33,6,8,5,6,1,1,7
,EF,0,0,0,0,0,0,0,0,0,0,0,0,0,0
,WF,0,0,0,0,0,0,0,0,0,0,0,0,0,0
,,,,,,,,,,,,,,,
,,,,,,,,,,,,,,,,,
§PAGEBREAK
"Statistik 7 ",
"KIT-Fakultät für Geistes- und Sozialwissenschaften, Fach Ingenieurpädagogik Bautechnik",,,,,,,,,,,,,,,
,,,Fachsemester,,,,,,,,,,,,
angestr.Abschlussprüfung,,Summe,1,2,3,4,5,6,7,8,9,10,11,12,>12
,,,,,,,,,,,,,,,
Diplomprüfung,HF,0,,,,,,,,,,,,,
,,,,,,,,,,,,,,,
"Dipl.-Ing. Pädagoge",HF,0,,,,,,,,,,,,,
,,,,,,,,,,,,,,,
Bachelor,HF,12,,10,,,,1,,1,,,,,
,EF,0,,,,,,,,,,,,,
,,,,,,,,,,,,,,,
Master,HF,3,1,1,,1,,,,,,,,,
,EF,0,,,,,,,,,,,,,
,,,,,,,,,,,,,,,
"Staatsexamen o.Lehramt",HF,0,,,,,,,,,,,,,
,,,,,,,,,,,,,,,
"Lehramt an Gymnasien",1.HF,0,,,,,,,,,,,,,
,2.HF,0,,,,,,,,,,,,,
,WF,0,,,,,,,,,,,,,
,EF,0,,,,,,,,,,,,,
,,,,,,,,,,,,,,,
"Lehramt an berufl.Schulen",HF,0,,,,,,,,,,,,,
,,,,,,,,,,,,,,,
Aufbaustudium,HF,0,,,,,,,,,,,,,
,,,,,,,,,,,,,,,
"Abschlussprüfung n.mögl.",1.HF,0,,,,,,,,,,,,,
,2.HF,0,,,,,,,,,,,,,
,,,,,,,,,,,,,,,
,,,,,,,,,,,,,,,
"Promotion m.ASP",HF,0,,,,,,,,,,,,,
,,,,,,,,,,,,,,,
Gesamt,HF,15,1,11,0,1,0,1,0,1,0,0,0,0,0
,EF,0,0,0,0,0,0,0,0,0,0,0,0,0,0
,WF,0,0,0,0,0,0,0,0,0,0,0,0,0,0
,,,,,,,,,,,,,,,
,,,,,,,,,,",,"
§PAGEBREAK
"Statistik 7 ",
"KIT-Fakultät für Geistes- und Sozialwissenschaften, Fach Ingenieurpädagogik Metalltechnik",,,,,,,,,,,,,,,
,,,Fachsemester,,,,,,,,,,,,
angestr.Abschlussprüfung,,Summe,1,2,3,4,5,6,7,8,9,10,11,12,>12
,,,,,,,,,,,,,,,
Diplomprüfung,HF,0,,,,,,,,,,,,,
,,,,,,,,,,,,,,,
"Dipl.-Ing. Pädagoge",HF,0,,,,,,,,,,,,,
,,,,,,,,,,,,,,,
Bachelor,HF,13,,9,,1,,2,,1,,,,,
,EF,0,,,,,,,,,,,,,
,,,,,,,,,,,,,,,
Master,HF,9,2,,1,3,2,1,,,,,,,
,EF,0,,,,,,,,,,,,,
,,,,,,,,,,,,,,,
"Staatsexamen o.Lehramt",HF,0,,,,,,,,,,,,,
,,,,,,,,,,,,,,,
"Lehramt an Gymnasien",1.HF,0,,,,,,,,,,,,,
,2.HF,0,,,,,,,,,,,,,
,WF,0,,,,,,,,,,,,,
,EF,0,,,,,,,,,,,,,
,,,,,,,,,,,,,,,
"Lehramt an berufl.Schulen",HF,0,,,,,,,,,,,,,
,,,,,,,,,,,,,,,
Aufbaustudium,HF,0,,,,,,,,,,,,,
,,,,,,,,,,,,,,,
"Abschlussprüfung n.mögl.",1.HF,0,,,,,,,,,,,,,
,2.HF,0,,,,,,,,,,,,,
,,,,,,,,,,,,,,,
,,,,,,,,,,,,,,,
"Promotion m.ASP",HF,0,,,,,,,,,,,,,
,,,,,,,,,,,,,,,
Gesamt,HF,22,2,9,1,4,2,3,0,1,0,0,0,0,0
,EF,0,0,0,0,0,0,0,0,0,0,0,0,0,0
,WF,0,0,0,0,0,0,0,0,0,0,0,0,0,0
,,,,,,,,,,,,,,,
,,,,,,,,,,",,"
§PAGEBREAK
"Statistik 7 ",
"KIT-Fakultät für Geistes- und Sozialwissenschaften, Fach Ingenieurpädagogik Elektrotechnik",,,,,,,,,,,,,,,
,,,Fachsemester,,,,,,,,,,,,
angestr.Abschlussprüfung,,Summe,1,2,3,4,5,6,7,8,9,10,11,12,>12
,,,,,,,,,,,,,,,
Diplomprüfung,HF,0,,,,,,,,,,,,,
,,,,,,,,,,,,,,,
"Dipl.-Ing. Pädagoge",HF,0,,,,,,,,,,,,,
,,,,,,,,,,,,,,,
Bachelor,HF,6,,1,1,2,,2,,,,,,,
,EF,0,,,,,,,,,,,,,
,,,,,,,,,,,,,,,
Master,HF,7,1,1,1,2,1,1,,,,,,,
,EF,0,,,,,,,,,,,,,
,,,,,,,,,,,,,,,
"Staatsexamen o.Lehramt",HF,0,,,,,,,,,,,,,
,,,,,,,,,,,,,,,
"Lehramt an Gymnasien",1.HF,0,,,,,,,,,,,,,
,2.HF,0,,,,,,,,,,,,,
,WF,0,,,,,,,,,,,,,
,EF,0,,,,,,,,,,,,,
,,,,,,,,,,,,,,,
"Lehramt an berufl.Schulen",HF,0,,,,,,,,,,,,,
,,,,,,,,,,,,,,,
Aufbaustudium,HF,0,,,,,,,,,,,,,
,,,,,,,,,,,,,,,
"Abschlussprüfung n.mögl.",1.HF,0,,,,,,,,,,,,,
,2.HF,0,,,,,,,,,,,,,
,,,,,,,,,,,,,,,
,,,,,,,,,,,,,,,
"Promotion m.ASP",HF,0,,,,,,,,,,,,,
,,,,,,,,,,,,,,,
Gesamt,HF,13,1,2,2,4,1,3,0,0,0,0,0,0,0
,EF,0,0,0,0,0,0,0,0,0,0,0,0,0,0
,WF,0,0,0,0,0,0,0,0,0,0,0,0,0,0
,,,,,,,,,,,,,,,
,,,,,,,,,,",,"
§PAGEBREAK
"Statistik 7 ",
"KIT-Fakultät für Geistes- und Sozialwissenschaften, Fach Sport",,,,,,,,,,,,,,,
,,,Fachsemester,,,,,,,,,,,,
angestr.Abschlussprüfung,,Summe,1,2,3,4,5,6,7,8,9,10,11,12,>12
,,,,,,,,,,,,,,,
Diplomprüfung,HF,0,,,,,,,,,,,,,
,,,,,,,,,,,,,,,
"Dipl.-Ing. Pädagoge",HF,0,,,,,,,,,,,,,
,,,,,,,,,,,,,,,
Bachelor,HF,192,,52,,41,,45,1,35,,9,,2,7
,EF,0,,,,,,,,,,,,,
,,,,,,,,,,,,,,,
Master,HF,55,6,10,10,7,8,10,1,2,,,1,,
,EF,0,,,,,,,,,,,,,
,,,,,,,,,,,,,,,
"Staatsexamen o.Lehramt",HF,0,,,,,,,,,,,,,
,,,,,,,,,,,,,,,
"Lehramt an Gymnasien",1.HF,126,,19,1,18,1,24,1,22,4,15,2,12,7,
,2.HF,28,,1,,3,,3,,3,,5,1,8,4
,WF,4,,,1,,,1,,1,,1,,,
,EF,3,,1,,1,,1,,,,,,,
,,,,,,,,,,,,,,,
"Lehramt an berufl.Schulen",HF,0,,,,,,,,,,,,,
,,,,,,,,,,,,,,,
Aufbaustudium,HF,0,,,,,,,,,,,,,
,,,,,,,,,,,,,,,
"Abschlussprüfung n.mögl.",1.HF,1,,,,,1,,,,,,,,
,2.HF,0,,,,,,,,,,,,,
,,,,,,,,,,,,,,,
,,,,,,,,,,,,,,,
"Promotion m.ASP",HF,11,1,2,3,1,1,,,,,1,1,1,
,,,,,,,,,,,,,,,
Gesamt,HF,413,7,84,14,70,11,82,3,62,4,30,5,23,18
,EF,3,0,1,0,1,0,1,0,0,0,0,0,0,0
,WF,4,0,0,1,0,0,1,0,1,0,1,0,0,0
"* Sport bzw. Sportpädagogik umfasst das Lehramt"
"** Sportwissenschaft umfasst alle Abschlüsse ausser Lehramt"
§PAGEBREAK
"Statistik 7 ",
"KIT-Fakultät für Geistes- und Sozialwissenschaften, Fach Wissenschaft, Medien- und Kommunikation",,,,,,,,,,,,,,,
,,,Fachsemester,,,,,,,,,,,,
angestr.Abschlussprüfung,,Summe,1,2,3,4,5,6,7,8,9,10,11,12,>12
,,,,,,,,,,,,,,,
Diplomprüfung,HF,0,,,,,,,,,,,,,
,,,,,,,,,,,,,,,
"Dipl.-Ing. Pädagoge",HF,0,,,,,,,,,,,,,
,,,,,,,,,,,,,,,
Bachelor,HF,62,,33,,29,,,,,,,,,
,EF,0,,,,,,,,,,,,,
,,,,,,,,,,,,,,,
Master,HF,0,,,,,,,,,,,,,
,EF,0,,,,,,,,,,,,,
,,,,,,,,,,,,,,,
"Staatsexamen o.Lehramt",HF,0,,,,,,,,,,,,,
,,,,,,,,,,,,,,,
"Lehramt an Gymnasien",1.HF,0,,,,,,,,,,,,,
,2.HF,0,,,,,,,,,,,,,
,WF,0,,,,,,,,,,,,,
,EF,0,,,,,,,,,,,,,
,,,,,,,,,,,,,,,
"Lehramt an berufl.Schulen",HF,0,,,,,,,,,,,,,
,,,,,,,,,,,,,,,
Aufbaustudium,HF,0,,,,,,,,,,,,,
,,,,,,,,,,,,,,,
"Abschlussprüfung n.mögl.",1.HF,0,,,,,,,,,,,,,
,2.HF,0,,,,,,,,,,,,,
,,,,,,,,,,,,,,,
,,,,,,,,,,,,,,,
"Promotion m.ASP",HF,0,,,,,,,,,,,,,
,,,,,,,,,,,,,,,
Gesamt,HF,62,0,33,0,29,0,0,0,0,0,0,0,0,0
,EF,0,0,0,0,0,0,0,0,0,0,0,0,0,0
,WF,0,0,0,0,0,0,0,0,0,0,0,0,0,0
,,,,,,,,,,,,,,,
§PAGEBREAK
"Statistik 7 ",
"KIT-Fakultät für Architektur, Fach Architektur",,,,,,,,,,,,,,,
,,,Fachsemester,,,,,,,,,,,,
angestr.Abschlussprüfung,,Summe,1,2,3,4,5,6,7,8,9,10,11,12,>12
,,,,,,,,,,,,,,,
Diplomprüfung,HF,151,,,,,,,,,1,4,11,67,68
,,,,,,,,,,,,,,,
"Dipl.-Ing. Pädagoge",HF,0,,,,,,,,,,,,,
,,,,,,,,,,,,,,,
Bachelor,HF,374,3,130,,94,,107,4,32,3,1,,,
,EF,0,,,,,,,,,,,,,
,,,,,,,,,,,,,,,
Master,HF,194,46,76,37,24,4,4,1,2,,,,,
,EF,0,,,,,,,,,,,,,
,,,,,,,,,,,,,,,
"Staatsexamen o.Lehramt",HF,0,,,,,,,,,,,,,
,,,,,,,,,,,,,,,
"Lehramt an Gymnasien",1.HF,0,,,,,,,,,,,,,
,2.HF,0,,,,,,,,,,,,,
,WF,0,,,,,,,,,,,,,
,EF,0,,,,,,,,,,,,,
,,,,,,,,,,,,,,,
"Lehramt an berufl.Schulen",HF,0,,,,,,,,,,,,,
,,,,,,,,,,,,,,,
Aufbaustudium,HF,0,,,,,,,,,,,,,
,,,,,,,,,,,,,,,
"Abschlussprüfung n.mögl.",1.HF,28,,,,3,6,8,5,2,2,2,,,
,2.HF,0,,,,,,,,,,,,,
,,,,,,,,,,,,,,,
,,,,,,,,,,,,,,,
"Promotion m.ASP",HF,17,2,4,,,2,2,4,,,,,,3
,,,,,,,,,,,,,,,
Gesamt,HF,764,51,210,37,121,12,121,14,36,6,7,11,67,71
,EF,0,0,0,0,0,0,0,0,0,0,0,0,0,0
,WF,0,0,0,0,0,0,0,0,0,0,0,0,0,0
,,,,,,,,,,,,,,,
§PAGEBREAK
"Statistik 7",
"KIT-Fakultät für Architektur, Fach Altbauinstandsetzung",,,,,,,,,,,,,,,
,,,Fachsemester,,,,,,,,,,,,
angestr.Abschlussprüfung,,Summe,1,2,3,4,5,6,7,8,9,10,11,12,>12
,,,,,,,,,,,,,,,
Diplomprüfung,HF,0,,,,,,,,,,,,,
,,,,,,,,,,,,,,,
"Dipl.-Ing. Pädagoge",HF,0,,,,,,,,,,,,,
,,,,,,,,,,,,,,,
Bachelor,HF,0,,,,,,,,,,,,,
,EF,0,,,,,,,,,,,,,
,,,,,,,,,,,,,,,
Master,HF,8,,8,,,,,,,,,,,
,EF,0,,,,,,,,,,,,,
,,,,,,,,,,,,,,,
"Staatsexamen o.Lehramt",HF,0,,,,,,,,,,,,,
,,,,,,,,,,,,,,,
"Lehramt an Gymnasien",1.HF,0,,,,,,,,,,,,,
,2.HF,0,,,,,,,,,,,,,
,WF,0,,,,,,,,,,,,,
,EF,0,,,,,,,,,,,,,
,,,,,,,,,,,,,,,
"Lehramt an berufl.Schulen",HF,0,,,,,,,,,,,,,
,,,,,,,,,,,,,,,
Aufbaustudium,HF,0,,,,,,,,,,,,,
,,,,,,,,,,,,,,,
"Abschlussprüfung n.mögl.",1.HF,0,,,,,,,,,,,,,
,2.HF,0,,,,,,,,,,,,,
,,,,,,,,,,,,,,,
,,,,,,,,,,,,,,,
"Promotion m.ASP",HF,0,,,,,,,,,,,,,
,,,,,,,,,,,,,,,
Gesamt,HF,8,0,8,0,0,0,0,0,0,0,0,0,0,0
,EF,0,0,0,0,0,0,0,0,0,0,0,0,0,0
,WF,0,0,0,0,0,0,0,0,0,0,0,0,0,0
,,,,,,,,,,,,,,,
§PAGEBREAK
"Statistik 7",
"KIT-Fakultät für Architektur, Fach Kunstgeschichte",,,,,,,,,,,,,,,
,,,Fachsemester,,,,,,,,,,,,
angestr.Abschlussprüfung,,Summe,1,2,3,4,5,6,7,8,9,10,11,12,>12
,,,,,,,,,,,,,,,
Diplomprüfung,HF,0,,,,,,,,,,,,,
,,,,,,,,,,,,,,,
"Dipl.-Ing. Pädagoge",HF,0,,,,,,,,,,,,,
,,,,,,,,,,,,,,,
Bachelor,HF,126,,44,,36,,27,,10,,2,,4,3
,EF,0,,,,,,,,,,,,,
,,,,,,,,,,,,,,,
Master,HF,32,,5,1,4,4,6,2,4,1,2,3,,
,EF,0,,,,,,,,,,,,,
,,,,,,,,,,,,,,,
"Staatsexamen o.Lehramt",HF,0,,,,,,,,,,,,,
,,,,,,,,,,,,,,,
"Lehramt an Gymnasien",1.HF,0,,,,,,,,,,,,,
,2.HF,0,,,,,,,,,,,,,
,WF,0,,,,,,,,,,,,,
,EF,0,,,,,,,,,,,,,
,,,,,,,,,,,,,,,
"Lehramt an berufl.Schulen",HF,0,,,,,,,,,,,,,
,,,,,,,,,,,,,,,
Aufbaustudium,HF,0,,,,,,,,,,,,,
,,,,,,,,,,,,,,,
"Abschlussprüfung n.mögl.",1.HF,0,,,,,,,,,,,,,
,2.HF,0,,,,,,,,,,,,,
,,,,,,,,,,,,,,,
,,,,,,,,,,,,,,,
"Promotion m.ASP",HF,6,,1,,,1,1,1,,1,,,,1
,,,,,,,,,,,,,,,
Gesamt,HF,164,0,50,1,40,5,34,3,14,2,4,3,4,4
,EF,0,0,0,0,0,0,0,0,0,0,0,0,0,0
,WF,0,0,0,0,0,0,0,0,0,0,0,0,0,0
,,,,,,,,,,,,,,,
§PAGEBREAK
"Statistik 7 ",
"KIT-Fakultät für Bauingenieur-, Geo- und Umweltwissenschaften, Fach Angewandte Geowissenschaften",,,,,,,,,,,,,,,
,,,Fachsemester,,,,,,,,,,,,
angestr.Abschlussprüfung,,Summe,1,2,3,4,5,6,7,8,9,10,11,12,>12
,,,,,,,,,,,,,,,
Diplomprüfung,HF,0,,,,,,,,,,,,,
,,,,,,,,,,,,,,,
"Dipl.-Ing. Pädagoge",HF,0,,,,,,,,,,,,,
,,,,,,,,,,,,,,,
Bachelor,HF,209,,62,2,51,1,49,1,27,,9,,3,4
,EF,0,,,,,,,,,,,,,
,,,,,,,,,,,,,,,
Master,HF,83,11,14,13,23,7,11,3,,,,,1,
,EF,0,,,,,,,,,,,,,
,,,,,,,,,,,,,,,
"Staatsexamen o.Lehramt",HF,0,,,,,,,,,,,,,
,,,,,,,,,,,,,,,
"Lehramt an Gymnasien",1.HF,0,,,,,,,,,,,,,
,2.HF,0,,,,,,,,,,,,,
,WF,0,,,,,,,,,,,,,
,EF,0,,,,,,,,,,,,,
,,,,,,,,,,,,,,,
"Lehramt an berufl.Schulen",HF,0,,,,,,,,,,,,,
,,,,,,,,,,,,,,,
Aufbaustudium,HF,0,,,,,,,,,,,,,
,,,,,,,,,,,,,,,
"Abschlussprüfung n.mögl.",1.HF,1,,,,1,,,,,,,,,
,2.HF,0,,,,,,,,,,,,,
,,,,,,,,,,,,,,,
,,,,,,,,,,,,,,,
"Promotion m.ASP",HF,7,1,,1,,1,1,1,2,,,,,
,,,,,,,,,,,,,,,
Gesamt,HF,300,12,76,16,75,9,61,5,29,0,9,0,4,4
,EF,0,0,0,0,0,0,0,0,0,0,0,0,0,0
,WF,0,0,0,0,0,0,0,0,0,0,0,0,0,0
,,,,,,,,,,,,,,,
§PAGEBREAK
"Statistik 7 ",
"KIT-Fakultät für Bauingenieur-, Geo- und Umweltwissenschaften, Fach Bauingenieurwesen",,,,,,,,,,,,,,,
,,,Fachsemester,,,,,,,,,,,,
angestr.Abschlussprüfung,,Summe,1,2,3,4,5,6,7,8,9,10,11,12,>12
,,,,,,,,,,,,,,,
Diplomprüfung,HF,165,,,,,,,,,,,2,93,70
,,,,,,,,,,,,,,,
"Dipl.-Ing. Pädagoge",HF,1,,,,,,,,,,,,,1
,,,,,,,,,,,,,,,
Bachelor,HF,844,,259,3,198,3,232,11,112,3,23,,,
,EF,0,,,,,,,,,,,,,
,,,,,,,,,,,,,,,
Master,HF,165,51,68,22,23,1,,,,,,,,
,EF,0,,,,,,,,,,,,,
,,,,,,,,,,,,,,,
"Staatsexamen o.Lehramt",HF,0,,,,,,,,,,,,,
,,,,,,,,,,,,,,,
"Lehramt an Gymnasien",1.HF,0,,,,,,,,,,,,,
,2.HF,0,,,,,,,,,,,,,
,WF,0,,,,,,,,,,,,,
,EF,0,,,,,,,,,,,,,
,,,,,,,,,,,,,,,
"Lehramt an berufl.Schulen",HF,0,,,,,,,,,,,,,
,,,,,,,,,,,,,,,
Aufbaustudium,HF,0,,,,,,,,,,,,,
,,,,,,,,,,,,,,,
"Abschlussprüfung n.mögl.",1.HF,37,2,1,1,5,5,6,5,3,2,7,,,
,2.HF,0,,,,,,,,,,,,,
,,,,,,,,,,,,,,,
,,,,,,,,,,,,,,,
"Promotion m.ASP",HF,28,5,3,2,3,2,5,,,,3,2,1,2
,,,,,,,,,,,,,,,
Gesamt,HF,1240,58,331,28,229,11,243,16,115,5,33,4,94,73
,EF,0,0,0,0,0,0,0,0,0,0,0,0,0,0
,WF,0,0,0,0,0,0,0,0,0,0,0,0,0,0
,,,,,,,,,,,,,,,
§PAGEBREAK
"Statistik 7",
"KIT-Fakultät für Bauingenieur-, Geo- und Umweltwissenschaften, Fach Geodäsie und Geoinformatik",,,,,,,,,,,,,,,
,,,Fachsemester,,,,,,,,,,,,
angestr.Abschlussprüfung,,Summe,1,2,3,4,5,6,7,8,9,10,11,12,>12
,,,,,,,,,,,,,,,
Diplomprüfung,HF,6,,,,,,,,,,,,,6
,,,,,,,,,,,,,,,
"Dipl.-Ing. Pädagoge",HF,0,,,,,,,,,,,,,
,,,,,,,,,,,,,,,
Bachelor,HF,61,,25,,18,1,11,,6,,,,,
,EF,0,,,,,,,,,,,,,
,,,,,,,,,,,,,,,
Master,HF,20,5,6,5,2,1,1,,,,,,,
,EF,0,,,,,,,,,,,,,
,,,,,,,,,,,,,,,
"Staatsexamen o.Lehramt",HF,0,,,,,,,,,,,,,
,,,,,,,,,,,,,,,
"Lehramt an Gymnasien",1.HF,0,,,,,,,,,,,,,
,2.HF,0,,,,,,,,,,,,,
,WF,0,,,,,,,,,,,,,
,EF,0,,,,,,,,,,,,,
,,,,,,,,,,,,,,,
"Lehramt an berufl.Schulen",HF,0,,,,,,,,,,,,,
,,,,,,,,,,,,,,,
Aufbaustudium,HF,0,,,,,,,,,,,,,
,,,,,,,,,,,,,,,
"Abschlussprüfung n.mögl.",1.HF,3,,,,,,1,,2,,,,,
,2.HF,0,,,,,,,,,,,,,
,,,,,,,,,,,,,,,
,,,,,,,,,,,,,,,
"Promotion m.ASP",HF,5,,,,,3,,,2,,,,,
,,,,,,,,,,,,,,,
Gesamt,HF,95,5,31,5,20,5,13,0,10,0,0,0,0,6
,EF,0,0,0,0,0,0,0,0,0,0,0,0,0,0
,WF,0,0,0,0,0,0,0,0,0,0,0,0,0,0
,,,,,,,,,,,,,,,
§PAGEBREAK
"Statistik 7 ",
"KIT-Fakultät für Bauingenieur-, Geo- und Umweltwissenschaften, Fach Funktionaler und Konstruktiver Ingenieurbau",,,,,,,,,,,,,,,
,,,Fachsemester,,,,,,,,,,,,
angestr.Abschlussprüfung,,Summe,1,2,3,4,5,6,7,8,9,10,11,12,>12
,,,,,,,,,,,,,,,
Diplomprüfung,HF,0,,,,,,,,,,,,,
,,,,,,,,,,,,,,,
"Dipl.-Ing. Pädagoge",HF,0,,,,,,,,,,,,,
,,,,,,,,,,,,,,,
Bachelor,HF,0,,,,,,,,,,,,,
,EF,0,,,,,,,,,,,,,
,,,,,,,,,,,,,,,
Master,HF,44,24,19,,1,,,,,,,,,
,EF,0,,,,,,,,,,,,,
,,,,,,,,,,,,,,,
"Staatsexamen o.Lehramt",HF,0,,,,,,,,,,,,,
,,,,,,,,,,,,,,,
"Lehramt an Gymnasien",1.HF,0,,,,,,,,,,,,,
,2.HF,0,,,,,,,,,,,,,
,WF,0,,,,,,,,,,,,,
,EF,0,,,,,,,,,,,,,
,,,,,,,,,,,,,,,
"Lehramt an berufl.Schulen",HF,0,,,,,,,,,,,,,
,,,,,,,,,,,,,,,
Aufbaustudium,HF,0,,,,,,,,,,,,,
,,,,,,,,,,,,,,,
"Abschlussprüfung n.mögl.",1.HF,0,,,,,,,,,,,,,
,2.HF,0,,,,,,,,,,,,,
,,,,,,,,,,,,,,,
,,,,,,,,,,,,,,,
"Promotion m.ASP",HF,0,,,,,,,,,,,,,
,,,,,,,,,,,,,,,
Gesamt,HF,44,24,19,0,1,0,0,0,0,0,0,0,0,0
,EF,0,0,0,0,0,0,0,0,0,0,0,0,0,0
,WF,0,0,0,0,0,0,0,0,0,0,0,0,0,0
,,,,,,,,,,,,,,,
§PAGEBREAK
"Statistik 7",
"KIT-Fakultät für Bauingenieur-, Geo- und Umweltwissenschaften, Fach Geographie",,,,,,,,,,,,,,,
,,,Fachsemester,,,,,,,,,,,,
angestr.Abschlussprüfung,,Summe,1,2,3,4,5,6,7,8,9,10,11,12,>12
,,,,,,,,,,,,,,,
Diplomprüfung,HF,0,,,,,,,,,,,,,
,,,,,,,,,,,,,,,
"Dipl.-Ing. Pädagoge",HF,0,,,,,,,,,,,,,
,,,,,,,,,,,,,,,
Bachelor,HF,0,,,,,,,,,,,,,
,EF,0,,,,,,,,,,,,,
,,,,,,,,,,,,,,,
Master,HF,0,,,,,,,,,,,,,
,EF,0,,,,,,,,,,,,,
,,,,,,,,,,,,,,,
"Staatsexamen o.Lehramt",HF,0,,,,,,,,,,,,,
,,,,,,,,,,,,,,,
"Lehramt an Gymnasien",1.HF,123,,35,,11,,20,,26,,22,,5,4
,2.HF,95,,14,2,12,3,29,,10,,5,1,9,10
,WF,14,,3,,2,1,5,,1,1,1,,,
,EF,15,2,2,,3,,2,,4,,,,,2
,,,,,,,,,,,,,,,
"Lehramt an berufl.Schulen",HF,0,,,,,,,,,,,,,
,,,,,,,,,,,,,,,
Aufbaustudium,HF,0,,,,,,,,,,,,,
,,,,,,,,,,,,,,,
"Abschlussprüfung n.mögl.",1.HF,0,,,,,,,,,,,,,
,2.HF,0,,,,,,,,,,,,,
,,,,,,,,,,,,,,,
,,,,,,,,,,,,,,,
"Promotion m.ASP",HF,2,,,,,2,,,,,,,,
,,,,,,,,,,,,,,,
Gesamt,HF,220,0,49,2,23,5,49,0,36,0,27,1,14,14
,EF,15,2,2,0,3,0,2,0,4,0,0,0,0,2
,WF,14,0,3,0,2,1,5,0,1,1,1,0,0,0
,,,,,,,,,,,,,,,
§PAGEBREAK
"Statistik 7 ",
"KIT-Fakultät für Bauingenieur-, Geo-  und Umweltwissenschaften, Fach Geoökologie",,,,,,,,,,,,,,,
,,,Fachsemester,,,,,,,,,,,,
angestr.Abschlussprüfung,,Summe,1,2,3,4,5,6,7,8,9,10,11,12,>12
,,,,,,,,,,,,,,,
Diplomprüfung,HF,15,,,,,,,,,,,,,15
,,,,,,,,,,,,,,,
"Dipl.-Ing. Pädagoge",HF,0,,,,,,,,,,,,,
,,,,,,,,,,,,,,,
Bachelor,HF,116,1,41,1,29,,33,,9,,1,,1,
,EF,0,,,,,,,,,,,,,
,,,,,,,,,,,,,,,
Master,HF,47,9,10,8,9,4,7,,,,,,,
,EF,0,,,,,,,,,,,,,
,,,,,,,,,,,,,,,
"Staatsexamen o.Lehramt",HF,0,,,,,,,,,,,,,
,,,,,,,,,,,,,,,
"Lehramt an Gymnasien",1.HF,0,,,,,,,,,,,,,
,2.HF,0,,,,,,,,,,,,,
,WF,0,,,,,,,,,,,,,
,EF,0,,,,,,,,,,,,,
,,,,,,,,,,,,,,,
"Lehramt an berufl.Schulen",HF,0,,,,,,,,,,,,,
,,,,,,,,,,,,,,,
Aufbaustudium,HF,0,,,,,,,,,,,,,
,,,,,,,,,,,,,,,
"Abschlussprüfung n.mögl.",1.HF,0,,,,,,,,,,,,,
,2.HF,0,,,,,,,,,,,,,
,,,,,,,,,,,,,,,
,,,,,,,,,,,,,,,
"Promotion m.ASP",HF,4,,,1,,,1,1,1,,,,,
,,,,,,,,,,,,,,,
Gesamt,HF,182,10,51,10,38,4,41,1,10,0,1,0,1,15
,EF,0,0,0,0,0,0,0,0,0,0,0,0,0,0
,WF,0,0,0,0,0,0,0,0,0,0,0,0,0,0
,,,,,,,,,,,,,,,
§PAGEBREAK
"Statistik 7 ",
"KIT-Fakultät für Bauingenieur-, Geo-  und Umweltwissenschaften, Fach Mobilität und Infrastruktur",,,,,,,,,,,,,,,
,,,Fachsemester,,,,,,,,,,,,
angestr.Abschlussprüfung,,Summe,1,2,3,4,5,6,7,8,9,10,11,12,>12
,,,,,,,,,,,,,,,
Diplomprüfung,HF,0,,,,,,,,,,,,,
,,,,,,,,,,,,,,,
"Dipl.-Ing. Pädagoge",HF,0,,,,,,,,,,,,,
,,,,,,,,,,,,,,,
Bachelor,HF,0,,,,,,,,,,,,,
,EF,0,,,,,,,,,,,,,
,,,,,,,,,,,,,,,
Master,HF,19,12,7,,,,,,,,,,,
,EF,0,,,,,,,,,,,,,
,,,,,,,,,,,,,,,
"Staatsexamen o.Lehramt",HF,0,,,,,,,,,,,,,
,,,,,,,,,,,,,,,
"Lehramt an Gymnasien",1.HF,0,,,,,,,,,,,,,
,2.HF,0,,,,,,,,,,,,,
,WF,0,,,,,,,,,,,,,
,EF,0,,,,,,,,,,,,,
,,,,,,,,,,,,,,,
"Lehramt an berufl.Schulen",HF,0,,,,,,,,,,,,,
,,,,,,,,,,,,,,,
Aufbaustudium,HF,0,,,,,,,,,,,,,
,,,,,,,,,,,,,,,
"Abschlussprüfung n.mögl.",1.HF,0,,,,,,,,,,,,,
,2.HF,0,,,,,,,,,,,,,
,,,,,,,,,,,,,,,
,,,,,,,,,,,,,,,
"Promotion m.ASP",HF,0,,,,,,,,,,,,,
,,,,,,,,,,,,,,,
Gesamt,HF,19,12,7,0,0,0,0,0,0,0,0,0,0,0
,EF,0,0,0,0,0,0,0,0,0,0,0,0,0,0
,WF,0,0,0,0,0,0,0,0,0,0,0,0,0,0
,,,,,,,,,,,,,,,
§PAGEBREAK
"Statistik 7 ",
"KIT-Fakultät für Bauingenieur-, Geo- und Umweltwissenschaften, Fach Regionalwissenschaft",,,,,,,,,,,,,,,
,,,Fachsemester,,,,,,,,,,,,
angestr.Abschlussprüfung,,Summe,1,2,3,4,5,6,7,8,9,10,11,12,>12
,,,,,,,,,,,,,,,
Diplomprüfung,HF,0,,,,,,,,,,,,,
,,,,,,,,,,,,,,,
"Dipl.-Ing. Pädagoge",HF,0,,,,,,,,,,,,,
,,,,,,,,,,,,,,,
Bachelor,HF,0,,,,,,,,,,,,,
,EF,0,,,,,,,,,,,,,
,,,,,,,,,,,,,,,
Master,HF,27,1,9,,13,,4,,,,,,,
,EF,0,,,,,,,,,,,,,
,,,,,,,,,,,,,,,
"Staatsexamen o.Lehramt",HF,0,,,,,,,,,,,,,
,,,,,,,,,,,,,,,
"Lehramt an Gymnasien",1.HF,0,,,,,,,,,,,,,
,2.HF,0,,,,,,,,,,,,,
,WF,0,,,,,,,,,,,,,
,EF,0,,,,,,,,,,,,,
,,,,,,,,,,,,,,,
"Lehramt an berufl.Schulen",HF,0,,,,,,,,,,,,,
,,,,,,,,,,,,,,,
Aufbaustudium,HF,0,,,,,,,,,,,,,
,,,,,,,,,,,,,,,
"Abschlussprüfung n.mögl.",1.HF,0,,,,,,,,,,,,,
,2.HF,0,,,,,,,,,,,,,
,,,,,,,,,,,,,,,
,,,,,,,,,,,,,,,
"Promotion m.ASP",HF,8,1,,,1,1,,1,1,,1,2,,
,,,,,,,,,,,,,,,
Gesamt,HF,35,2,9,0,14,1,4,1,1,0,1,2,0,0
,EF,0,0,0,0,0,0,0,0,0,0,0,0,0,0
,WF,0,0,0,0,0,0,0,0,0,0,0,0,0,0
,,,,,,,,,,,,,,,
§PAGEBREAK
"Statistik 7 ",
"KIT-Fakultät für Bauingenieur-, Geo- und Umweltwissenschaften, Fach Resources Engineering",,,,,,,,,,,,,,,
,,,Fachsemester,,,,,,,,,,,,
angestr.Abschlussprüfung,,Summe,1,2,3,4,5,6,7,8,9,10,11,12,>12
,,,,,,,,,,,,,,,
Diplomprüfung,HF,0,,,,,,,,,,,,,
,,,,,,,,,,,,,,,
"Dipl.-Ing. Pädagoge",HF,0,,,,,,,,,,,,,
,,,,,,,,,,,,,,,
Bachelor,HF,0,,,,,,,,,,,,,
,EF,0,,,,,,,,,,,,,
,,,,,,,,,,,,,,,
Master,HF,7,,,,7,,,,,,,,,
,EF,0,,,,,,,,,,,,,
,,,,,,,,,,,,,,,
"Staatsexamen o.Lehramt",HF,0,,,,,,,,,,,,,
,,,,,,,,,,,,,,,
"Lehramt an Gymnasien",1.HF,0,,,,,,,,,,,,,
,2.HF,0,,,,,,,,,,,,,
,WF,0,,,,,,,,,,,,,
,EF,0,,,,,,,,,,,,,
,,,,,,,,,,,,,,,
"Lehramt an berufl.Schulen",HF,0,,,,,,,,,,,,,
,,,,,,,,,,,,,,,
Aufbaustudium,HF,0,,,,,,,,,,,,,
,,,,,,,,,,,,,,,
"Abschlussprüfung n.mögl.",1.HF,0,,,,,,,,,,,,,
,2.HF,0,,,,,,,,,,,,,
,,,,,,,,,,,,,,,
,,,,,,,,,,,,,,,
"Promotion m.ASP",HF,0,,,,,,,,,,,,,
,,,,,,,,,,,,,,,
Gesamt,HF,7,0,0,0,7,0,0,0,0,0,0,0,0,0
,EF,0,0,0,0,0,0,0,0,0,0,0,0,0,0
,WF,0,0,0,0,0,0,0,0,0,0,0,0,0,0
,,,,,,,,,,,,,,,
§PAGEBREAK
"Statistik 7 ",
"KIT-Fakultät für Maschinenbau, Fach Maschinenbau",,,,,,,,,,,,,,,
,,,Fachsemester,,,,,,,,,,,,
angestr.Abschlussprüfung,,Summe,1,2,3,4,5,6,7,8,9,10,11,12,>12
,,,,,,,,,,,,,,,
Diplomprüfung,HF,459,,,,,,,,,,,,2,457,
,,,,,,,,,,,,,,,
"Dipl.-Ing. Pädagoge",HF,1,,,,,,,,,,,,1,
,,,,,,,,,,,,,,,
Bachelor,HF,2049,4,578,5,557,27,519,8,274,8,50,3,7,9
,EF,0,,,,,,,,,,,,,
,,,,,,,,,,,,,,,
Master,HF,1298,299,247,265,247,148,65,11,15,,1,,,
,EF,0,,,,,,,,,,,,,
,,,,,,,,,,,,,,,
"Staatsexamen o.Lehramt",HF,0,,,,,,,,,,,,,
,,,,,,,,,,,,,,,
"Lehramt an Gymnasien",1.HF,0,,,,,,,,,,,,,
,2.HF,0,,,,,,,,,,,,,
,WF,0,,,,,,,,,,,,,
,EF,0,,,,,,,,,,,,,
,,,,,,,,,,,,,,,
"Lehramt an berufl.Schulen",HF,0,,,,,,,,,,,,,
,,,,,,,,,,,,,,,
Aufbaustudium,HF,5,1,3,,,1,,,,,,,,
,,,,,,,,,,,,,,,
"Abschlussprüfung n.mögl.",1.HF,91,1,1,2,9,18,19,17,10,4,10,,,
,2.HF,0,,,,,,,,,,,,,
,,,,,,,,,,,,,,,
,,,,,,,,,,,,,,,
"Promotion m.ASP",HF,122,9,15,14,22,8,17,11,8,3,1,,4,10
,,,,,,,,,,,,,,,
Gesamt,HF,4025,314,844,286,835,202,620,47,307,15,62,3,14,476
,EF,0,0,0,0,0,0,0,0,0,0,0,0,0,0
,WF,0,0,0,0,0,0,0,0,0,0,0,0,0,0
,,,,,,,,,,,,,,,
§PAGEBREAK
"Statistik 7 ",
"KIT-Fakultät für Maschinenbau, Fach Energy Technologies",,,,,,,,,,,,,,,
,,,Fachsemester,,,,,,,,,,,,
angestr.Abschlussprüfung,,Summe,1,2,3,4,5,6,7,8,9,10,11,12,>12
,,,,,,,,,,,,,,,
Diplomprüfung,HF,0,,,,,,,,,,,,,
,,,,,,,,,,,,,,,
"Dipl.-Ing. Pädagoge",HF,0,,,,,,,,,,,,,
,,,,,,,,,,,,,,,
Bachelor,HF,0,,,,,,,,,,,,,
,EF,0,,,,,,,,,,,,,
,,,,,,,,,,,,,,,
Master,HF,48,,13,,35,,,,,,,,,
,EF,0,,,,,,,,,,,,,
,,,,,,,,,,,,,,,
"Staatsexamen o.Lehramt",HF,0,,,,,,,,,,,,,
,,,,,,,,,,,,,,,
"Lehramt an Gymnasien",1.HF,0,,,,,,,,,,,,,
,2.HF,0,,,,,,,,,,,,,
,WF,0,,,,,,,,,,,,,
,EF,0,,,,,,,,,,,,,
,,,,,,,,,,,,,,,
"Lehramt an berufl.Schulen",HF,0,,,,,,,,,,,,,
,,,,,,,,,,,,,,,
Aufbaustudium,HF,0,,,,,,,,,,,,,
,,,,,,,,,,,,,,,
"Abschlussprüfung n.mögl.",1.HF,0,,,,,,,,,,,,,
,2.HF,0,,,,,,,,,,,,,
,,,,,,,,,,,,,,,
,,,,,,,,,,,,,,,
"Promotion m.ASP",HF,0,,,,,,,,,,,,,
,,,,,,,,,,,,,,,
Gesamt,HF,48,0,13,0,35,0,0,0,0,0,0,0,0,0
,EF,0,0,0,0,0,0,0,0,0,0,0,0,0,0
,WF,0,0,0,0,0,0,0,0,0,0,0,0,0,0
,,,,,,,,,,,,,,,
§PAGEBREAK
"Statistik 7 ",
"KIT-Fakultät für Maschinenbau, Fach Energietechnik",,,,,,,,,,,,,,,
,,,Fachsemester,,,,,,,,,,,,
angestr.Abschlussprüfung,,Summe,1,2,3,4,5,6,7,8,9,10,11,12,>12
,,,,,,,,,,,,,,,
Diplomprüfung,HF,0,,,,,,,,,,,,,
,,,,,,,,,,,,,,,
"Dipl.-Ing. Pädagoge",HF,0,,,,,,,,,,,,,
,,,,,,,,,,,,,,,
Bachelor,HF,0,,,,,,,,,,,,,
,EF,0,,,,,,,,,,,,,
,,,,,,,,,,,,,,,
Master,HF,17,4,7,2,4,,,,,,,,,
,EF,0,,,,,,,,,,,,,
,,,,,,,,,,,,,,,
"Staatsexamen o.Lehramt",HF,0,,,,,,,,,,,,,
,,,,,,,,,,,,,,,
"Lehramt an Gymnasien",1.HF,0,,,,,,,,,,,,,
,2.HF,0,,,,,,,,,,,,,
,WF,0,,,,,,,,,,,,,
,EF,0,,,,,,,,,,,,,
,,,,,,,,,,,,,,,
"Lehramt an berufl.Schulen",HF,0,,,,,,,,,,,,,
,,,,,,,,,,,,,,,
Aufbaustudium,HF,0,,,,,,,,,,,,,
,,,,,,,,,,,,,,,
"Abschlussprüfung n.mögl.",1.HF,0,,,,,,,,,,,,,
,2.HF,0,,,,,,,,,,,,,
,,,,,,,,,,,,,,,
,,,,,,,,,,,,,,,
"Promotion m.ASP",HF,0,,,,,,,,,,,,,
,,,,,,,,,,,,,,,
Gesamt,HF,17,4,7,2,4,0,0,0,0,0,0,0,0,0
,EF,0,0,0,0,0,0,0,0,0,0,0,0,0,0
,WF,0,0,0,0,0,0,0,0,0,0,0,0,0,0
,,,,,,,,,,,,,,,
§PAGEBREAK
"Statistik 7 ",
"KIT-Fakultät für Maschinenbau, Fach Materialwissenschaft und Werkstofftechnik",,,,,,,,,,,,,,,
,,,Fachsemester,,,,,,,,,,,,
angestr.Abschlussprüfung,,Summe,1,2,3,4,5,6,7,8,9,10,11,12,>12
,,,,,,,,,,,,,,,
Diplomprüfung,HF,0,,,,,,,,,,,,,
,,,,,,,,,,,,,,,
"Dipl.-Ing. Pädagoge",HF,0,,,,,,,,,,,,,
,,,,,,,,,,,,,,,
Bachelor,HF,72,,32,,28,,12,,,,,,,
,EF,0,,,,,,,,,,,,,
,,,,,,,,,,,,,,,
Master,HF,59,7,22,11,12,4,3,,,,,,,
,EF,0,,,,,,,,,,,,,
,,,,,,,,,,,,,,,
"Staatsexamen o.Lehramt",HF,0,,,,,,,,,,,,,
,,,,,,,,,,,,,,,
"Lehramt an Gymnasien",1.HF,0,,,,,,,,,,,,,
,2.HF,0,,,,,,,,,,,,,
,WF,0,,,,,,,,,,,,,
,EF,0,,,,,,,,,,,,,
,,,,,,,,,,,,,,,
"Lehramt an berufl.Schulen",HF,0,,,,,,,,,,,,,
,,,,,,,,,,,,,,,
Aufbaustudium,HF,0,,,,,,,,,,,,,
,,,,,,,,,,,,,,,
"Abschlussprüfung n.mögl.",1.HF,3,1,,,,,2,,,,,,,
,2.HF,0,,,,,,,,,,,,,
,,,,,,,,,,,,,,,
,,,,,,,,,,,,,,,
"Promotion m.ASP",HF,0,,,,,,,,,,,,,
,,,,,,,,,,,,,,,
Gesamt,HF,134,8,54,11,40,4,17,0,0,0,0,0,0,0
,EF,0,0,0,0,0,0,0,0,0,0,0,0,0,0
,WF,0,0,0,0,0,0,0,0,0,0,0,0,0,0
,,,,,,,,,,,,,,,
§PAGEBREAK
"Statistik 7",
"KIT-Fakultät für Chemieingenieurwesen und Verfahrenstechnik, Fach Bioingenieurwesen",,,,,,,,,,,,,,,
,,,Fachsemester,,,,,,,,,,,,
angestr.Abschlussprüfung,,Summe,1,2,3,4,5,6,7,8,9,10,11,12,>12
,,,,,,,,,,,,,,,
Diplomprüfung,HF,36,,,,,,,,,,,3,23,10
,,,,,,,,,,,,,,,
"Dipl.-Ing. Pädagoge",HF,0,,,,,,,,,,,,,
,,,,,,,,,,,,,,,
Bachelor,HF,237,1,89,2,69,,48,1,22,1,4,,,
,EF,0,,,,,,,,,,,,,
,,,,,,,,,,,,,,,
Master,HF,48,16,10,11,10,,1,,,,,,,
,EF,0,,,,,,,,,,,,,
,,,,,,,,,,,,,,,
"Staatsexamen o.Lehramt",HF,0,,,,,,,,,,,,,
,,,,,,,,,,,,,,,
"Lehramt an Gymnasien",1.HF,0,,,,,,,,,,,,,
,2.HF,0,,,,,,,,,,,,,
,WF,0,,,,,,,,,,,,,
,EF,0,,,,,,,,,,,,,
,,,,,,,,,,,,,,,
"Lehramt an berufl.Schulen",HF,0,,,,,,,,,,,,,
,,,,,,,,,,,,,,,
Aufbaustudium,HF,0,,,,,,,,,,,,,
,,,,,,,,,,,,,,,
"Abschlussprüfung n.mögl.",1.HF,3,,,,1,,,,,1,,1,,
,2.HF,0,,,,,,,,,,,,,
,,,,,,,,,,,,,,,
,,,,,,,,,,,,,,,
"Promotion m.ASP",HF,6,,,,,2,1,,,,2,,,1
,,,,,,,,,,,,,,,
Gesamt,HF,330,17,99,13,80,2,50,1,22,2,6,4,23,11
,EF,0,0,0,0,0,0,0,0,0,0,0,0,0,0
,WF,0,0,0,0,0,0,0,0,0,0,0,0,0,0
,,,,,,,,,,,,,,,
§PAGEBREAK
"Statistik 7 ",
"KIT-Fakultät für Chemieingenieurwesen und Verfahrenstechnik, Fach Chemieingenieurwesen und Verfahrenstechnik",,,,,,,,,,,,,,,
,,,Fachsemester,,,,,,,,,,,,
angestr.Abschlussprüfung,,Summe,1,2,3,4,5,6,7,8,9,10,11,12,>12
,,,,,,,,,,,,,,,
Diplomprüfung,HF,178,,,,,,,,,,3,18,89,68
,,,,,,,,,,,,,,,
"Dipl.-Ing. Pädagoge",HF,0,,,,,,,,,,,,,
,,,,,,,,,,,,,,,
Bachelor,HF,699,3,247,1,183,1,176,1,53,2,32,,,
,EF,0,,,,,,,,,,,,,
,,,,,,,,,,,,,,,
Master,HF,188,49,66,26,45,1,1,,,,,,,
,EF,0,,,,,,,,,,,,,
,,,,,,,,,,,,,,,
"Staatsexamen o.Lehramt",HF,0,,,,,,,,,,,,,
,,,,,,,,,,,,,,,
"Lehramt an Gymnasien",1.HF,0,,,,,,,,,,,,,
,2.HF,0,,,,,,,,,,,,,
,WF,0,,,,,,,,,,,,,
,EF,0,,,,,,,,,,,,,
,,,,,,,,,,,,,,,
"Lehramt an berufl.Schulen",HF,0,,,,,,,,,,,,,
,,,,,,,,,,,,,,,
Aufbaustudium,HF,0,,,,,,,,,,,,,
,,,,,,,,,,,,,,,
"Abschlussprüfung n.mögl.",1.HF,33,,1,,2,2,3,5,7,10,3,,,
,2.HF,0,,,,,,,,,,,,,
,,,,,,,,,,,,,,,
,,,,,,,,,,,,,,,
"Promotion m.ASP",HF,51,12,6,11,8,2,5,1,4,,,,,2
,,,,,,,,,,,,,,,
Gesamt,HF,1149,64,320,38,238,6,185,7,64,12,38,18,89,70
,EF,0,0,0,0,0,0,0,0,0,0,0,0,0,0
,WF,0,0,0,0,0,0,0,0,0,0,0,0,0,0
,,,,,,,,,,,,,,,
§PAGEBREAK
"Statistik 7 ",
"KIT-Fakultät für Chemieingenieurwesen und Verfahrenstechnik, Fach Naturwissenschaft und Technik",,,,,,,,,,,,,,,
,,,Fachsemester,,,,,,,,,,,,
angestr.Abschlussprüfung,,Summe,1,2,3,4,5,6,7,8,9,10,11,12,>12
,,,,,,,,,,,,,,,
Diplomprüfung,HF,0,,,,,,,,,,,,,
,,,,,,,,,,,,,,,
"Dipl.-Ing. Pädagoge",HF,0,,,,,,,,,,,,,
,,,,,,,,,,,,,,,
Bachelor,HF,0,,,,,,,,,,,,,
,EF,0,,,,,,,,,,,,,
,,,,,,,,,,,,,,,
Master,HF,0,,,,,,,,,,,,,
,EF,0,,,,,,,,,,,,,
,,,,,,,,,,,,,,,
"Staatsexamen o.Lehramt",HF,0,,,,,,,,,,,,,
,,,,,,,,,,,,,,,
"Lehramt an Gymnasien",1.HF,13,,4,,3,,2,,4,,,,,
,2.HF,28,,9,,5,1,6,,7,,,,,
,WF,0,,,,,,,,,,,,,
,EF,12,,,,12,,,,,,,,,
,,,,,,,,,,,,,,,
"Lehramt an berufl.Schulen",HF,0,,,,,,,,,,,,,
,,,,,,,,,,,,,,,
Aufbaustudium,HF,0,,,,,,,,,,,,,
,,,,,,,,,,,,,,,
"Abschlussprüfung n.mögl.",1.HF,0,,,,,,,,,,,,,
,2.HF,0,,,,,,,,,,,,,
,,,,,,,,,,,,,,,
,,,,,,,,,,,,,,,
"Promotion m.ASP",HF,0,,,,,,,,,,,,,
,,,,,,,,,,,,,,,
Gesamt,HF,41,0,13,0,8,1,8,0,11,0,0,0,0,0
,EF,12,0,0,0,12,0,0,0,0,0,0,0,0,0
,WF,0,0,0,0,0,0,0,0,0,0,0,0,0,0
,,,,,,,,,,,,,,,
§PAGEBREAK
"Statistik 7",
"KIT-Fakultät für Elektrotechnik und Informationstechnik, Fach Elektrotechnik und Informationstechnik",,,,,,,,,,,,,,,
,,,Fachsemester,,,,,,,,,,,,
angestr.Abschlussprüfung,,Summe,1,2,3,4,5,6,7,8,9,10,11,12,>12
,,,,,,,,,,,,,,,
Diplomprüfung,HF,118,,,,,,,,,,,,,118
,,,,,,,,,,,,,,,
"Dipl.-Ing. Pädagoge",HF,4,,,,,,,,,,,,1,3
,,,,,,,,,,,,,,,
Bachelor,HF,889,,214,,270,7,262,5,98,,31,1,1,
,EF,0,,,,,,,,,,,,,
,,,,,,,,,,,,,,,
Master,HF,600,99,95,88,128,85,79,19,6,,1,,,
,EF,0,,,,,,,,,,,,,
,,,,,,,,,,,,,,,
"Staatsexamen o.Lehramt",HF,0,,,,,,,,,,,,,
,,,,,,,,,,,,,,,
"Lehramt an Gymnasien",1.HF,0,,,,,,,,,,,,,
,2.HF,0,,,,,,,,,,,,,
,WF,0,,,,,,,,,,,,,
,EF,0,,,,,,,,,,,,,
,,,,,,,,,,,,,,,
"Lehramt an berufl.Schulen",HF,0,,,,,,,,,,,,,
,,,,,,,,,,,,,,,
Aufbaustudium,HF,0,,,,,,,,,,,,,
,,,,,,,,,,,,,,,
"Abschlussprüfung n.mögl.",1.HF,46,,4,1,4,7,9,3,6,6,4,2,,
,2.HF,0,,,,,,,,,,,,,
,,,,,,,,,,,,,,,
,,,,,,,,,,,,,,,
"Promotion m.ASP",HF,89,8,20,10,13,4,6,7,9,2,1,,1,8
,,,,,,,,,,,,,,,
Gesamt,HF,1746,107,333,99,415,103,356,34,119,8,37,3,3,129
,EF,0,0,0,0,0,0,0,0,0,0,0,0,0,0
,WF,0,0,0,0,0,0,0,0,0,0,0,0,0,0
,,,,,,,,,,,,,,,
§PAGEBREAK
"Statistik 7",
"KIT-Fakultät für Elektrotechnik und Informationstechnik, Fach Electrical Engineering and Information Technologies",,,,,,,,,,,,,,,
,,,Fachsemester,,,,,,,,,,,,
angestr.Abschlussprüfung,,Summe,1,2,3,4,5,6,7,8,9,10,11,12,>12
,,,,,,,,,,,,,,,
Diplomprüfung,HF,0,,,,,,,,,,,,,
,,,,,,,,,,,,,,,
"Dipl.-Ing. Pädagoge",HF,0,,,,,,,,,,,,,
,,,,,,,,,,,,,,,
Bachelor,HF,0,,,,,,,,,,,,,
,EF,0,,,,,,,,,,,,,
,,,,,,,,,,,,,,,
Master,HF,1,,,1,,,,,,,,,,
,EF,0,,,,,,,,,,,,,
,,,,,,,,,,,,,,,
"Staatsexamen o.Lehramt",HF,0,,,,,,,,,,,,,
,,,,,,,,,,,,,,,
"Lehramt an Gymnasien",1.HF,0,,,,,,,,,,,,,
,2.HF,0,,,,,,,,,,,,,
,WF,0,,,,,,,,,,,,,
,EF,0,,,,,,,,,,,,,
,,,,,,,,,,,,,,,
"Lehramt an berufl.Schulen",HF,0,,,,,,,,,,,,,
,,,,,,,,,,,,,,,
Aufbaustudium,HF,0,,,,,,,,,,,,,
,,,,,,,,,,,,,,,
"Abschlussprüfung n.mögl.",1.HF,0,,,,,,,,,,,,,
,2.HF,0,,,,,,,,,,,,,
,,,,,,,,,,,,,,,
,,,,,,,,,,,,,,,
"Promotion m.ASP",HF,0,,,,,,,,,,,,,
,,,,,,,,,,,,,,,
Gesamt,HF,1,0,0,1,0,0,0,0,0,0,0,0,0,0
,EF,0,0,0,0,0,0,0,0,0,0,0,0,0,0
,WF,0,0,0,0,0,0,0,0,0,0,0,0,0,0
,,,,,,,,,,,,,,,
§PAGEBREAK
"Statistik 7 ",
"KIT-Fakultät für Elektrotechnik und Informationstechnik, Fach Optics and Photonics",,,,,,,,,,,,,,,
,,,Fachsemester,,,,,,,,,,,,
angestr.Abschlussprüfung,,Summe,1,2,3,4,5,6,7,8,9,10,11,12,>12
,,,,,,,,,,,,,,,
Diplomprüfung,HF,0,,,,,,,,,,,,,
,,,,,,,,,,,,,,,
"Dipl.-Ing. Pädagoge",HF,0,,,,,,,,,,,,,
,,,,,,,,,,,,,,,
Bachelor,HF,0,,,,,,,,,,,,,
,EF,0,,,,,,,,,,,,,
,,,,,,,,,,,,,,,
Master,HF,126,2,60,1,47,,15,,1,,,,,
,EF,0,,,,,,,,,,,,,
,,,,,,,,,,,,,,,
"Staatsexamen o.Lehramt",HF,0,,,,,,,,,,,,,
,,,,,,,,,,,,,,,
"Lehramt an Gymnasien",1.HF,0,,,,,,,,,,,,,
,2.HF,0,,,,,,,,,,,,,
,WF,0,,,,,,,,,,,,,
,EF,0,,,,,,,,,,,,,
,,,,,,,,,,,,,,,
"Lehramt an berufl.Schulen",HF,0,,,,,,,,,,,,,
,,,,,,,,,,,,,,,
Aufbaustudium,HF,0,,,,,,,,,,,,,
,,,,,,,,,,,,,,,
"Abschlussprüfung n.mögl.",1.HF,0,,,,,,,,,,,,,
,2.HF,0,,,,,,,,,,,,,
,,,,,,,,,,,,,,,
,,,,,,,,,,,,,,,
"Promotion m.ASP",HF,5,2,,2,,,,,1,,,,,
,,,,,,,,,,,,,,,
Gesamt,HF,131,4,60,3,47,0,15,0,2,0,0,0,0,0
,EF,0,0,0,0,0,0,0,0,0,0,0,0,0,0
,WF,0,0,0,0,0,0,0,0,0,0,0,0,0,0
,,,,,,,,,,,,,,,
§PAGEBREAK
"Statistik 7 ",
"KIT-Fakultät für Informatik, Fach Informatik",,,,,,,,,,,,,,,
,,,Fachsemester,,,,,,,,,,,,
angestr.Abschlussprüfung,,Summe,1,2,3,4,5,6,7,8,9,10,11,12,>12,
,,,,,,,,,,,,,,,
Diplomprüfung,HF,494,,,,,,,,,,3,1,3,487,
,,,,,,,,,,,,,,,
"Dipl.-Ing. Pädagoge",HF,0,,,,,,,,,,,,,
,,,,,,,,,,,,,,,
Bachelor,HF,1387,2,472,11,340,11,325,8,149,4,47,1,17,
,EF,0,,,,,,,,,,,,,
,,,,,,,,,,,,,,,
Master,HF,489,103,104,64,89,54,55,10,7,3,,,,
,EF,0,,,,,,,,,,,,,
,,,,,,,,,,,,,,,
"Staatsexamen o.Lehramt",HF,0,,,,,,,,,,,,,
,,,,,,,,,,,,,,,
"Lehramt an Gymnasien",1.HF,0,,,,,,,,,,,,,
,2.HF,0,,,,,,,,,,,,,
,WF,0,,,,,,,,,,,,,
,EF,0,,,,,,,,,,,,,
,,,,,,,,,,,,,,,
"Lehramt an berufl.Schulen",HF,0,,,,,,,,,,,,,
,,,,,,,,,,,,,,,
Aufbaustudium,HF,1,,,,,,,,,,,,,1
,,,,,,,,,,,,,,,
"Abschlussprüfung n.mögl.",1.HF,25,,,3,4,3,7,3,2,2,1,,,
,2.HF,0,,,,,,,,,,,,,
,,,,,,,,,,,,,,,
,,,,,,,,,,,,,,,
"Promotion m.ASP",HF,48,2,4,5,10,7,4,4,1,1,1,1,3,5
,,,,,,,,,,,,,,,
Gesamt,HF,2444,107,580,83,443,75,391,25,159,10,52,3,23,493,
,EF,0,0,0,0,0,0,0,0,0,0,0,0,0,0,
,WF,0,0,0,0,0,0,0,0,0,0,0,0,0,0,
,,,,,,,,,,,,,,,
§PAGEBREAK
"Statistik 7 ",
"KIT-Fakultät für Wirtschaftswissenschaften, Fach Techn. Volkswirtschaftslehre",,,,,,,,,,,,,,,
,,,Fachsemester,,,,,,,,,,,,
angestr.Abschlussprüfung,,Summe,1,2,3,4,5,6,7,8,9,10,11,12,>12
,,,,,,,,,,,,,,,
Diplomprüfung,HF,14,,,,,,,,,,,,,14
,,,,,,,,,,,,,,,
"Dipl.-Ing. Pädagoge",HF,0,,,,,,,,,,,,,
,,,,,,,,,,,,,,,
Bachelor,HF,120,2,54,3,21,2,22,1,12,,3,,,
,EF,0,,,,,,,,,,,,,
,,,,,,,,,,,,,,,
Master,HF,61,12,13,10,8,9,7,1,,,1,,,
,EF,0,,,,,,,,,,,,,
,,,,,,,,,,,,,,,
"Staatsexamen o.Lehramt",HF,0,,,,,,,,,,,,,
,,,,,,,,,,,,,,,
"Lehramt an Gymnasien",1.HF,0,,,,,,,,,,,,,
,2.HF,0,,,,,,,,,,,,,
,WF,0,,,,,,,,,,,,,
,EF,0,,,,,,,,,,,,,
,,,,,,,,,,,,,,,
"Lehramt an berufl.Schulen",HF,0,,,,,,,,,,,,,
,,,,,,,,,,,,,,,
Aufbaustudium,HF,0,,,,,,,,,,,,,
,,,,,,,,,,,,,,,
"Abschlussprüfung n.mögl.",1.HF,1,,1,,,,,,,,,,,
,2.HF,0,,,,,,,,,,,,,
,,,,,,,,,,,,,,,
,,,,,,,,,,,,,,,
"Promotion m.ASP",HF,4,1,,1,,,,,1,,1,,,
,,,,,,,,,,,,,,,
Gesamt,HF,200,15,68,14,29,11,29,2,13,0,5,0,0,14
,EF,0,0,0,0,0,0,0,0,0,0,0,0,0,0
,WF,0,0,0,0,0,0,0,0,0,0,0,0,0,0
,,,,,,,,,,,,,,,
§PAGEBREAK
"Statistik 7 ",
"KIT-Fakultät für Wirtschaftswissenschaften, Fach Wirtschaftsingenieurwesen",,,,,,,,,,,,,,,
,,,Fachsemester,,,,,,,,,,,,
angestr.Abschlussprüfung,,Summe,1,2,3,4,5,6,7,8,9,10,11,12,>12
,,,,,,,,,,,,,,,
Diplomprüfung,HF,84,,,,,,,,,,,1,,83
,,,,,,,,,,,,,,,
"Dipl.-Ing. Pädagoge",HF,0,,,,,,,,,,,,,
,,,,,,,,,,,,,,,
Bachelor,HF,1824,2,560,8,470,60,487,39,157,11,27,,3,
,EF,0,,,,,,,,,,,,,
,,,,,,,,,,,,,,,
Master,HF,1163,295,206,185,204,145,85,31,12,,,,,
,EF,0,,,,,,,,,,,,,
,,,,,,,,,,,,,,,
"Staatsexamen o.Lehramt",HF,0,,,,,,,,,,,,,
,,,,,,,,,,,,,,,
"Lehramt an Gymnasien",1.HF,0,,,,,,,,,,,,,
,2.HF,0,,,,,,,,,,,,,
,WF,0,,,,,,,,,,,,,
,EF,0,,,,,,,,,,,,,
,,,,,,,,,,,,,,,
"Lehramt an berufl.Schulen",HF,0,,,,,,,,,,,,,
,,,,,,,,,,,,,,,
Aufbaustudium,HF,3,,,,,,,,,,,,,3
,,,,,,,,,,,,,,,
"Abschlussprüfung n.mögl.",1.HF,48,,4,4,7,8,5,7,5,1,7,,,
,2.HF,0,,,,,,,,,,,,,
,,,,,,,,,,,,,,,
,,,,,,,,,,,,,,,
"Promotion m.ASP",HF,44,5,2,5,3,3,6,3,4,2,2,,3,6
,,,,,,,,,,,,,,,
Gesamt,HF,3166,302,772,202,684,216,583,80,178,14,36,1,6,92
,EF,0,0,0,0,0,0,0,0,0,0,0,0,0,0
,WF,0,0,0,0,0,0,0,0,0,0,0,0,0,0
,,,,,,,,,,,,,,,
§PAGEBREAK
"Statistik 7 ",
"Interfakultative Studiengänge, Fach Informationswirtschaft",,,,,,,,,,,,,,,
,,,Fachsemester,,,,,,,,,,,,
angestr.Abschlussprüfung,,Summe,1,2,3,4,5,6,7,8,9,10,11,12,>12
,,,,,,,,,,,,,,,
Diplomprüfung,HF,4,,,,,,,,,,,,,4
,,,,,,,,,,,,,,,
"Dipl.-Ing. Pädagoge",HF,0,,,,,,,,,,,,,
,,,,,,,,,,,,,,,
Bachelor,HF,342,2,76,5,78,2,95,6,49,3,24,,,2
,EF,0,,,,,,,,,,,,,
,,,,,,,,,,,,,,,
Master,HF,169,31,28,15,33,26,24,6,3,3,,,,
,EF,0,,,,,,,,,,,,,
,,,,,,,,,,,,,,,
"Staatsexamen o.Lehramt",HF,0,,,,,,,,,,,,,
,,,,,,,,,,,,,,,
"Lehramt an Gymnasien",1.HF,0,,,,,,,,,,,,,
,2.HF,0,,,,,,,,,,,,,
,WF,0,,,,,,,,,,,,,
,EF,0,,,,,,,,,,,,,
,,,,,,,,,,,,,,,
"Lehramt an berufl.Schulen",HF,0,,,,,,,,,,,,,
,,,,,,,,,,,,,,,
Aufbaustudium,HF,0,,,,,,,,,,,,,
,,,,,,,,,,,,,,,
"Abschlussprüfung n.mögl.",1.HF,5,1,,,,,4,,,,,,,
,2.HF,0,,,,,,,,,,,,,
,,,,,,,,,,,,,,,
,,,,,,,,,,,,,,,
"Promotion m.ASP",HF,7,,1,,,1,1,1,1,,1,,1,
,,,,,,,,,,,,,,,
Gesamt,HF,527,34,105,20,111,29,124,13,53,6,25,0,1,6
,EF,0,0,0,0,0,0,0,0,0,0,0,0,0,0
,WF,0,0,0,0,0,0,0,0,0,0,0,0,0,0
,,,,,,,,,,,,,,,
§PAGEBREAK
"Statistik 7",
"Interfakultative Studiengänge, Fach Mechatronik und Informationstechnik",,,,,,,,,,,,,,,
,,,Fachsemester,,,,,,,,,,,,
angestr.Abschlussprüfung,,Summe,1,2,3,4,5,6,7,8,9,10,11,12,>12
,,,,,,,,,,,,,,,
Diplomprüfung,HF,0,,,,,,,,,,,,,
,,,,,,,,,,,,,,,
"Dipl.-Ing. Pädagoge",HF,0,,,,,,,,,,,,,
,,,,,,,,,,,,,,,
Bachelor,HF,157,1,103,1,52,,,,,,,,,
,EF,0,,,,,,,,,,,,,
,,,,,,,,,,,,,,,
Master,HF,0,,,,,,,,,,,,,
,EF,0,,,,,,,,,,,,,
,,,,,,,,,,,,,,,
"Staatsexamen o.Lehramt",HF,0,,,,,,,,,,,,,
,,,,,,,,,,,,,,,
"Lehramt an Gymnasien",1.HF,0,,,,,,,,,,,,,
,2.HF,0,,,,,,,,,,,,,
,WF,0,,,,,,,,,,,,,
,EF,0,,,,,,,,,,,,,
,,,,,,,,,,,,,,,
"Lehramt an berufl.Schulen",HF,0,,,,,,,,,,,,,
,,,,,,,,,,,,,,,
Aufbaustudium,HF,0,,,,,,,,,,,,,
,,,,,,,,,,,,,,,
"Abschlussprüfung n.mögl.",1.HF,0,,,,,,,,,,,,,
,2.HF,0,,,,,,,,,,,,,
,,,,,,,,,,,,,,,
,,,,,,,,,,,,,,,
"Promotion m.ASP",HF,0,,,,,,,,,,,,,
,,,,,,,,,,,,,,,
Gesamt,HF,157,1,103,1,52,0,0,0,0,0,0,0,0,0
,EF,0,0,0,0,0,0,0,0,0,0,0,0,0,0
,WF,0,0,0,0,0,0,0,0,0,0,0,0,0,0
,,,,,,,,,,,,,,,
§PAGEBREAK
"Statistik 7",
"Interfakultative Studiengänge, Fach Wirtschaftsmathematik",,,,,,,,,,,,,,,
,,,Fachsemester,,,,,,,,,,,,
angestr.Abschlussprüfung,,Summe,1,2,3,4,5,6,7,8,9,10,11,12,>12
,,,,,,,,,,,,,,,
Diplomprüfung,HF,80,,,,,,,,,1,1,7,16,55
,,,,,,,,,,,,,,,
"Dipl.-Ing. Pädagoge",HF,0,,,,,,,,,,,,,
,,,,,,,,,,,,,,,
Bachelor,HF,0,,,,,,,,,,,,,
,EF,0,,,,,,,,,,,,,
,,,,,,,,,,,,,,,
Master,HF,38,10,12,5,8,,1,2,,,,,,
,EF,0,,,,,,,,,,,,,
,,,,,,,,,,,,,,,
"Staatsexamen o.Lehramt",HF,0,,,,,,,,,,,,,
,,,,,,,,,,,,,,,
"Lehramt an Gymnasien",1.HF,0,,,,,,,,,,,,,
,2.HF,0,,,,,,,,,,,,,
,WF,0,,,,,,,,,,,,,
,EF,0,,,,,,,,,,,,,
,,,,,,,,,,,,,,,
"Lehramt an berufl.Schulen",HF,0,,,,,,,,,,,,,
,,,,,,,,,,,,,,,
Aufbaustudium,HF,0,,,,,,,,,,,,,
,,,,,,,,,,,,,,,
"Abschlussprüfung n.mögl.",1.HF,0,,,,,,,,,,,,,
,2.HF,0,,,,,,,,,,,,,
,,,,,,,,,,,,,,,
,,,,,,,,,,,,,,,
"Promotion m.ASP",HF,4,,1,,,,,,,,,,,3
,,,,,,,,,,,,,,,
Gesamt,HF,122,10,13,5,8,0,1,2,0,1,1,7,16,58
,EF,0,0,0,0,0,0,0,0,0,0,0,0,0,0
,WF,0,0,0,0,0,0,0,0,0,0,0,0,0,0
,,,,,,,,,,,,,,,
,,,,,,,,,,,,,,,
,,,,,,,,,,,,,,,
§PAGEBREAK
"Statistik 7 ",
"International Department",,,,,,,,,,,,,,,
,,,Fachsemester,,,,,,,,,,,,
angestr.Abschlussprüfung,,Summe,1,2,3,4,5,6,7,8,9,10,11,12,>12
,,,,,,,,,,,,,,,
"Fach Management of Product Development",,,,,,,,,,,,,,,
Master,HF,5,,,5,,,,,,,,,,
,,,,,,,,,,,,,,,
"Fach Production and Operations Management",,,,,,,,,,,,,,,
Master,HF,16,1,2,9,2,2,,,,,,,,
,,,,,,,,,,,,,,,
"Fach Financial Engineering",,,,,,,,,,,,,,,
Master,HF,0,,,,,,,,,,,,,
,,,,,,,,,,,,,,,
"Fach Energy Engineering and Management",,,,,,,,,,,,,,,
Master,HF,11,,1,7,3,,,,,,,,,
,,,,,,,,,,,,,,,
"Fach Service Management and Engineering",,,,,,,,,,,,,,,
Master,HF,9,,2,1,5,1,,,,,,,,
,,,,,,,,,,,,,,,
"Fach Green Mobility Engineering",,,,,,,,,,,,,,,
Master,HF,10,1,2,4,3,,,,,,,,,
,,,,,,,,,,,,,,,
Gesamt,HF,51,2,7,26,13,3,0,0,0,0,0,0,0,0
§PAGEBREAK
"Statistik 7",
Studienkolleg,,,,,,,,,,,,,,,
,,,Fachsemester,,,,,,,,,,,,
angestr.Abschlussprüfung,,Summe,1,2,3,4,5,6,7,8,9,10,11,12,>12
,,,,,,,,,,,,,,,
Diplomprüfung,HF,0,,,,,,,,,,,,,
,,,,,,,,,,,,,,,
"Dipl.-Ing. Pädagoge",HF,0,,,,,,,,,,,,,
,,,,,,,,,,,,,,,
Bachelor,HF,0,,,,,,,,,,,,,
,EF,0,,,,,,,,,,,,,
,,,,,,,,,,,,,,,
Master,HF,0,,,,,,,,,,,,,
,EF,0,,,,,,,,,,,,,
,,,,,,,,,,,,,,,
"Staatsexamen o.Lehramt",HF,0,,,,,,,,,,,,,
,,,,,,,,,,,,,,,
"Lehramt an Gymnasien",1.HF,0,,,,,,,,,,,,,
,2.HF,0,,,,,,,,,,,,,
,WF,0,,,,,,,,,,,,,
,EF,0,,,,,,,,,,,,,
,,,,,,,,,,,,,,,
"Lehramt an berufl.Schulen",HF,0,,,,,,,,,,,,,
,,,,,,,,,,,,,,,
Aufbaustudium,HF,257,97,117,38,3,,,2,,,,,,
,,,,,,,,,,,,,,,
"Abschlussprüfung n.mögl.",1.HF,0,,,,,,,,,,,,,
,2.HF,0,,,,,,,,,,,,,
,,,,,,,,,,,,,,,
,,,,,,,,,,,,,,,
"Promotion m.ASP",HF,0,,,,,,,,,,,,,
,,,,,,,,,,,,,,,
Gesamt,HF,257,97,117,38,3,0,0,2,0,0,0,0,0,0
,EF,0,0,0,0,0,0,0,0,0,0,0,0,0,0
,WF,0,0,0,0,0,0,0,0,0,0,0,0,0,0
,,,,,,,,,,,,,,,
§PAGEBREAK
"Statistik 7 ",
"Promotionen in weiteren Fächern",,,,,,,,,,,,,,,
,,,Fachsemester,,,,,,,,,,,,
angestr.Abschlussprüfung,,Summe,1,2,3,4,5,6,7,8,9,10,11,12,>12
,,,,,,,,,,,,,,,
Literaturwissenschaft,HF,5,,,,,,,,1,,,,,4
,,,,,,,,,,,,,,,
Geschichte,HF,6,,,,,,1,1,,1,,,,3
,,,,,,,,,,,,,,,
Philosophie,HF,3,1,,,1,,,,,,,,,1
,,,,,,,,,,,,,,,
Soziologie,HF,1,,,,,,,,,,,,,1
,,,,,,,,,,,,,,,
Volkswirtschaftslehre,HF,1,,,,,,,,,,,,,1
,,,,,,,,,,,,,,,
,HF,0,,,,,,,,,,,,,
,,,,,,,,,,,,,,,
,HF,0,,,,,,,,,,,,,
,,,,,,,,,,,,,,,
,HF,0,,,,,,,,,,,,,
,,,,,,,,,,,,,,,
,HF,0,,,,,,,,,,,,,
,,,,,,,,,,,,,,,
,HF,0,,,,,,,,,,,,,
,,,,,,,,,,,,,,,
,HF,0,,,,,,,,,,,,,
,,,,,,,,,,,,,,,
,HF,0,,,,,,,,,,,,,
,,,,,,,,,,,,,,,
,HF,0,,,,,,,,,,,,,
,,,,,,,,,,,,,,,
,HF,0,,,,,,,,,,,,,
,,,,,,,,,,,,,,,
,HF,0,,,,,,,,,,,,,
,,,,,,,,,,,,,,,
,HF,0,,,,,,,,,,,,,
,,,,,,,,,,,,,,,
,,,,,,,,,,,,,,,
,,,,,,,,,,,,,,,
,,,,,,,,,,,,,,,
Gesamt,HF,16,1,0,0,1,0,1,1,1,1,0,0,0,10
,,,,,,,,,,,,,,,
§PAGEBREAK
"Statistik 7 ",
"Auslaufende Studiengänge",,,,,,,,,,,,,,,
,,,Fachsemester,,,,,,,,,,,,
angestr.Abschlussprüfung,,Summe,1,2,3,4,5,6,7,8,9,10,11,12,>12
,,,,,,,,,,,,,,,
Geologie,Dipl.,3,,,,,,,,,,,,,3
,,,,,,,,,,,,,,,
Mechatronik,Dipl.,6,,,,,,,,,,,,,6
,,,,,,,,,,,,,,,
,HF,0,,,,,,,,,,,,,
,,,,,,,,,,,,,,,
,HF,0
,,,,,,,,,,,,,,,
,HF,0,,,,,,,,,,,,,
,,,,,,,,,,,,,,,
,HF,0,,,,,,,,,,,,,
,,,,,,,,,,,,,,,
,HF,0,,,,,,,,,,,,,
,,,,,,,,,,,,,,,
,HF,0,,,,,,,,,,,,,
,,,,,,,,,,,,,,,
,HF,0,,,,,,,,,,,,,
,,,,,,,,,,,,,,,
,HF,0,,,,,,,,,,,,,
,,,,,,,,,,,,,,,
,HF,0,,,,,,,,,,,,,
,,,,,,,,,,,,,,,
,HF,0,,,,,,,,,,,,,
,,,,,,,,,,,,,,,
,HF,0,,,,,,,,,,,,,
,,,,,,,,,,,,,,,
,HF,0,,,,,,,,,,,,,
,,,,,,,,,,,,,,,
,HF,0,,,,,,,,,,,,,
,,,,,,,,,,,,,,,
,HF,0,,,,,,,,,,,,,
,,,,,,,,,,,,,,,
,,,,,,,,,,,,,,,
,,,,,,,,,,,,,,,
,,,,,,,,,,,,,,,
Gesamt,HF,9,0,0,0,0,0,0,0,0,0,0,0,0,9
,,,,,,,,,,,,,,,
§PAGEBREAK
"Statistik 8 - (Beurlaubte nach Beurlaubungsgrund)",,,,,,,,,,,,,,
,,,,,,,,,,,,,,
Urlaubsgrund,Gesamt,Fachsemester,,,,,,,,,,,,
,,1,2,3,4,5,6,7,8,9,10,11,12,>12
,,,,,,,,,,,,,,
Krankheit,45,14,6,8,0,4,1,2,1,1,1,1,1,5
"davon männlich",26,9,4,2,,1,1,2,,1,1,1,1,3
weiblich,19,5,2,6,,3,,,1,,,,,2
,,,,,,,,,,,,,,
Praktikum,142,54,13,25,4,31,0,12,0,1,1,1,0,0
"davon männlich",99,34,8,21,4,23,,8,,,1,,,,
weiblich,43,20,5,4,,8,,4,,1,,1,,
,,,,,,,,,,,,,,
Auslandsaufenthalt,72,38,13,6,6,4,1,3,1,0,0,0,0,0
"davon männlich",58,30,12,4,5,4,1,1,1,,,,,,,
weiblich,14,8,1,2,1,,,2,,,,,,
,,,,,,,,,,,,,,
Wehr-/Zivildienst,1,0,1,0,0,0,0,0,0,0,0,0,0,0
"davon männlich",1,,1,,,,,,,,,,,
weiblich,0,,,,,,,,,,,,,
,,,,,,,,,,,,,,
Mutterschutz/Erziehung,53,14,7,9,0,2,1,3,3,2,2,1,0,9
"davon männlich",8,1,,1,,1,,,1,,,,,4
weiblich,45,13,7,8,,1,1,3,2,2,2,1,,5
,,,,,,,,,,,,,,
"sonst. Gründe",8,4,0,1,0,2,1,0,0,0,0,0,0,0
"davon männlich",4,2,,1,,1,,,,,,,,
weiblich,4,2,,,,1,1,,,,,,,
,,,,,,,,,,,,,,
Insgesamt,321,124,40,49,10,43,4,20,5,4,4,3,1,14
"davon männlich",196,76,25,29,9,30,2,11,2,1,2,1,1,7,
weiblich,125,48,15,20,1,13,2,9,3,3,2,2,0,7
§PAGEBREAK
"Statistik 9 - (Exmatrikulierte zum Ende des Wintersemesters 2013/2014)",,,,,,,,,
Grund,Gesamt,Fachsemester,,,,,,,,,,,,
,,1,2,3,4,5,6,7,8,9,10,11,12,>12
,,,,,,,,,,,,,,
"Beendigung nach best. Prüfung",1184,3,1,13,64,191,99,119,31,57,20,125,26,435,
"davon männlich",856,2,1,10,54,136,70,83,25,31,7,69,18,350,,
weiblich,328,1,,3,10,55,29,36,6,26,13,56,8,85,,
,,,,,,,,,,,,,,,
"Prüfung nicht abgeschlossen",0,0,0,0,0,0,0,0,0,0,0,0,0,0,
"davon männlich",0,,,,,,,,,,,,,,
weiblich,0,,,,,,,,,,,,,,
,,,,,,,,,,,,,,,
"Beendigung ohne Prüfung",3,0,0,2,0,1,0,0,0,0,0,0,0,0,
"davon männlich",2,,,1,,1,,,,,,,,,
weiblich,1,,,1,,,,,,,,,,,
,,,,,,,,,,,,,,,
Hochschulwechsel,193,99,6,64,0,7,1,7,0,3,0,2,0,4,
"davon männlich",145,68,3,56,,5,1,4,,2,,2,,4,
weiblich,48,31,3,8,,2,,3,,1,,,,,
,,,,,,,,,,,,,,,
Unterbrechung,28,13,1,5,1,2,2,2,0,1,0,0,0,1,
"davon männlich",16,6,1,3,,2,2,,,1,,,,1,
weiblich,12,7,,2,1,,,2,,,,,,,
,,,,,,,,,,,,,,,
"Endgültiger Abbruch",157,92,3,49,0,4,0,1,1,1,1,1,0,4,
"davon männlich",98,51,3,34,,4,,1,1,1,,,,3,
weiblich,59,41,,15,,,,,,,1,1,,1,
,,,,,,,,,,,,,,,
"fehlende Rückmeldung",834,267,23,126,25,87,31,41,28,51,6,49,6,94,
"davon männlich",590,179,16,102,13,68,24,26,14,41,5,26,6,70,
weiblich,244,88,7,24,12,19,7,15,14,10,1,23,,24,
,,,,,,,,,,,,,,,
"endgültig nicht best. Prüfung",67,0,0,51,0,6,0,5,0,2,1,0,0,2,
"davon männlich",53,,,40,,5,,4,,1,1,,,2,
weiblich,14,,,11,,1,,1,,1,,,,,
,,,,,,,,,,,,,,
,,,,,,,,,,,,,,,
,,,,,,,,,,,,,,,
weiblich,76,17,7,11,8,11,3,4,5,10,,,,
,,,,,,,,,,,,,,
Insgesamt,2542,491,41,321,98,309,136,179,65,125,28,177,32,540
"davon männlich",1760,306,24,246,67,221,97,118,40,77,13,97,24,430
weiblich,782,185,17,75,31,88,39,61,25,48,15,80,8,110
§PAGEBREAK
"Statistik 10 - (Studierende nach Nationalitäten)",,
Land,Gesamt,männl.,weibl.,davon,,,,,,,,,
,,,,"Erstimm.
männl.",weibl.,"Neuimm.
männl.",weibl.,"Rückm.
männl.",weibl.,"beurlaubt
männl.",weibl.,"St.Kol.
männl.",weibl.
Europa,,,,,,,,,,,,,
,,,,,,,,,,,,,
Albanien,36,16,20,1,,,,15,20,,,4,6
Belgien,9,5,4,,,1,,4,4,,,,
Bosnien-Herzegowina,22,16,6,,,2,,14,6,,,,1
"Brit. abh. Gebiete in Europa",1,1,0,,,,,1,0,,,,
Bulgarien,167,115,52,1,1,6,1,107,47,1,3,,2
Dänemark,3,1,2,,,,,1,2,,,,
Deutschland,18571,13713,4858,7,1,808,261,12714,4498,184,98,4,1
Estland,4,1,3,1,,,,,3,,,,
Finnland,10,9,1,2,,,,7,1,,,,
Frankreich,180,131,49,9,9,5,4,117,34,,2,,
Griechenland,58,45,13,1,,1,,43,11,,2,,
Irland,3,2,1,,,,,2,1,,,,
Island,6,3,3,,,1,,2,3,,,,
Italien,63,45,18,,6,4,1,41,11,,,,1
Kosovo,12,9,3,1,,,,8,3,,,1,
Kroatien,37,18,19,,1,,1,18,16,,1,,
Lettland,4,2,2,,,1,1,1,1,,,,
Litauen,10,5,5,2,,,,3,4,,1,1,
Luxemburg,98,72,26,,,4,2,68,23,,1,,
Mazedonien,5,3,2,,,,,3,2,,,,
Moldau,5,1,4,,,,,1,4,,,,
Moldawien,1,1,0,1,,,,,,,,,
Montenegro,4,2,2,,,,,2,2,,,,
Niederlande,12,11,1,1,,1,,9,1,,,,
Norwegen,1,1,0,,,,,1,,,,,
Österreich,26,19,7,,,1,,18,6,,1,,
Polen,43,23,20,6,1,1,1,16,18,,,1,
§PAGEBREAK
"Statistik 10 - (Studierende nach Nationalitäten)",,
Land,Gesamt,männl.,weibl.,davon,,,,,,,,,
,,,,"Erstimm.
männl.",weibl.,"Neuimm.
männl.",weibl.,"Rückm.
männl.",weibl.,"beurlaubt
männl.",weibl.,"St.Kol.
männl.",weibl.
Europa,,,,,,,,,,,,,
,,,,,,,,,,,,,
Portugal,19,16,3,1," "," "," ",15,3," "," "," "," "
Rumänien,34,19,15," ",1,1,1,18,13," "," "," ",1
"Russ. Föderation",139,58,81,8,5,5,8,44,66,1,2,5,10
Schweden,7,6,1,1,1,1," ",4," "," "," "," "," "
Schweiz,13,13,0,1," "," "," ",12," "," "," "," "," "
Serbien,18,8,10," ",1," "," ",8,9," "," "," "," "
"Serbien und Montenegro",0,0,0," "," "," "," "," "," "," "," "," "," "
Slowakei,4,4,0," "," ",1," ",3," "," "," "," "," "
Slowenien,2,1,1," "," "," "," ",1,1," "," "," "," "
Spanien,88,57,31,8,2," "," ",49,29," "," "," "," "
"Tschechische Republik",6,6,0,1," "," "," ",5," "," "," "," "," "
Türkei,290,197,93,3,4,3,2,189,86,2,1,1,1
Ukraine,77,33,44,4,4," ",1,27,38,2,1,5,3
Ungarn,31,20,11,3,1," "," ",17,10," "," "," "," "
"Vereinigtes Königreich",19,11,8," "," "," "," ",11,8," "," "," "," "
"Weißrußland (Belarus)",11,5,6," "," ",1,1,4,5," "," "," ",1
Zypern,2,2,0," "," "," "," ",2," "," "," "," "," "
,,,,,,,,,,,,,
Summe,20151,14726,5425,63,38,848,285,13625,4989,190,113,22,27
"Gesamt Europa",,20151,,101,,1133,,18614,,303,,49,
§PAGEBREAK
"Statistik 10 - (Studierende nach Nationalitäten)",
Land,Gesamt,männl.,weibl.,davon,,,,,,,,,
,,,,"Erstimm.
männl.",weibl.,"Neuimm.
männl.",weibl.,"Rückm.
männl.",weibl.,"beurlaubt
männl.",weibl.,"St.Kol.
männl.",weibl.
Afrika,,,,,,,,,,,,,
,,,,,,,,,,,,,
Ägypten,18,15,3,2,,,,13,3,,,2,
Algerien,1,0,1,,,,,,1,,,,
Äthiopien,9,9,0,,,1,,8,,,,,
"Benin (Dahome)",4,4,0,1,,,,3,,,,1,
Gabun,2,1,1,,,,,1,1,,,,
Ghana,1,1,0,,,,,1,,,,,
Guinea,0,0,0,,,,,,,,,,
Kamerun,70,54,16,4,,3,,47,13,,3,5,1
Kenia,6,6,0,,,,,6,,,,,
"Kongo (Demokratische Republik)",0,0,0,,,,,,,,,,
"Kongo (Demokratische Republik I)",0,0,0,,,,,,,,,,
"Kongo, Republik",0,0,0,,,,,,,,,,
Marokko,43,38,5,4,2,,,33,3,1,,10,4
Niger,1,1,0,,,,,1,,,,,,
Nigeria,8,8,0,2,,,,6,,,,1,
Sambia,1,1,0,,,,,1,,,,,
Senegal,1,0,1,,,,,,1,,,,
Simbabwe,2,0,2,,,,,,2,,,,
Somalia,0,0,0,,,,,,,,,,
Südafrika,4,4,0,,,,,4,,,,,
Sudan,1,0,1,,,,,,1,,,,
Tansania,1,1,0,,,,,1,,,,,
Togo,4,4,0,,,,,4,,,,,
Tunesien,189,150,39,5,,2,4,141,33,2,2,3,
Uganda,1,1,0,,,,,1,,,,,
,,,,,,,,,,,,,
Summe,367,298,69,18,2,6,4,271,58,3,5,22,5
"Gesamt Afrika",,367,,20,,10,,329,,8,,27,
§PAGEBREAK
"Statistik 10 - (Studierende nach Nationalitäten)",
Land,Gesamt,männl.,weibl.,davon,,,,,,,,,
,,,,"Erstimm.
männl.",weibl.,"Neuimm.
männl.",weibl.,"Rückm.
männl.",weibl.,"beurlaubt
männl.",weibl.,"St.Kol.
männl.",weibl.
Amerika,,,,,,,,,,,,,
,,,,,,,,,,,,,
Argentinien,7,6,1,1,,,,5,1,,,,
Bolivien,11,7,4,1,,1,,5,4,,,1,2
Brasilien,99,63,36,19,11,2,2,42,23,,,1,
Chile,22,16,6,1,2,1,,14,4,,,,1
"Costa Rica",4,2,2,,,,,2,2,,,,
Ecuador,52,38,14,1,1,3,2,34,11,,,6,5
"El Salvador",3,3,0,,,,,3,,,,,
Guatemala,3,1,2,,,,,1,2,,,,1
Honduras,2,1,1,,,,,1,1,,,,
Kanada,8,6,2,3,1,1,,2,1,,,,
Kolumbien,62,43,19,4,3,2,1,37,15,,,5,2
Mexiko,68,50,18,4,2,1,1,45,15,,,5,
Panama,1,1,0,,,,,1,,,,,
Peru,9,5,4,,,1,,4,4,,,,
USA,24,14,10,2,4,1,1,11,5,,,,1
Venezuela,13,7,6,,1,,,7,5,,,2,
,,,,,,,,,,,,,
Summe,388,263,125,36,25,13,7,214,93,0,0,20,12
"Gesamt Amerika",,388,,61,,20,,307,,0,,32,
§PAGEBREAK
"Statistik 10 - (Studierende nach Nationalitäten)",
Land,Gesamt,männl.,weibl.,davon,,,,,,,,,
,,,,"Erstimm.
männl.",weibl.,"Neuimm.
männl.",weibl.,"Rückm.
männl.",weibl.,"beurlaubt
männl.",weibl.,"St.Kol.
männl.",weibl.
Asien,,,,,,,,,,,,,
,,,,,,,,,,,,,
Afghanistan,5,3,2,,,,,3,2,,,,
Armenien,6,1,5,,,,1,1,4,,,,1
Aserbaidschan,4,3,1,,,,,3,1,,,,
Bahrain,1,1,0,,,,,1,,,,,
Bangladesch,34,28,6,2,2,2,,24,4,,,,
"Brunei Darussalam",18,12,6,,,,,12,6,,,,
"China Taiwan",0,0,0,,,,,,,,,,
"China VR (einschl. Tibet)",947,562,385,80,40,13,13,469,328,,4,30,32
Georgien,12,5,7,1,,,,4,6,,1,2,2
Hongkong,1,0,1,,,,,,1,,,,
Indien,111,90,21,14,4,3,,72,17,1,,2,
Indonesien,120,71,49,13,6,3,,55,43,,,25,11
Irak,10,7,3,1,,,,6,3,,,1,
Iran,97,56,41,11,2,1,,44,38,,1,7,3
Israel,7,5,2,1,,,,4,2,,,,
Japan,3,0,3,,,,,,3,,,,
Jemen,5,5,0,,,,,5,,,,,
Jordanien,8,7,1,,,,,7,1,,,,
Kasachstan,13,8,5,,,,,8,5,,,1,
Kirgisistan,4,1,3,,1,,,1,2,,,,2
"Korea, Republik",31,21,10,2,,,,19,10,,,3,
§PAGEBREAK
"Statistik 10 - (Studierende nach Nationalitäten)",
Land,Gesamt,männl.,weibl.,davon,,,,,,,,,
,,,,"Erstimm.
männl.",weibl.,"Neuimm.
männl.",weibl.,"Rückm.
männl.",weibl.,"beurlaubt
männl.",weibl.,"St.Kol.
männl.",weibl.
Asien,,,,,,,,,,,,,
,,,,,,,,,,,,,
Kuwait,1,1,0,,,,,1,,,,,
"Laos Dem. Volksrep.",2,1,1,,,,,1,1,,,,
Libanon,51,48,3,2,,3,1,43,2,,,2,,,,,,,,,
Malaysia,10,5,5,,,,1,5,4,,,,
Mongolei,2,1,1,,,,,1,,,1,,
Nepal,9,9,0,,,,,9,,,,5,
"Pakistan, Islamische Rep. (I)",2,1,1,,,,,1,1,,,,
"Pakistan, Islam. Republik",24,19,5,1,,,,18,5,,,,
"Palästinensische Gebiete",6,5,1,2,,,,3,1,,,2,
Philippinen,2,1,1,,,,,1,1,,,,
Saudi-Arabien,5,5,0,1,,,,4,,,,,
Singapur,16,10,6,7,6,1,,2,,,,,
"Sri Lanka (Ceylon)",1,1,0,,,,,1,,,,,
Syrien,26,20,6,1,,,,18,6,1,,1,
Tadschikistan,6,4,2,1,,,,3,2,,,2,
Taiwan,13,9,4,1,1,,1,8,2,,,,1
Thailand,14,10,4,,1,,,10,3,,,4,1
Usbekistan,11,7,4,,,,1,7,3,,,,
Vietnam,66,43,23,2,3,,2,41,18,,,6,3
,,,,,,,,,,,,,
Summe,1704,1086,618,143,66,26,20,915,525,2,7,93,56
"Gesamt Asien",,1704,,209,,46,,1440,,9,,149,
§PAGEBREAK
"Statistik 10 - (Studierende nach Nationalitäten)",
Land,Gesamt,männl.,weibl.,davon,,,,,,,,,
,,,,"Erstimm.
männl.",weibl.,"Neuimm.
männl.",weibl.,"Rückm.
männl.",weibl.,"beurlaubt
männl.",weibl.,"St.Kol.
männl.",weibl.
Australien,,,,,,,,,,,,,
,,,,,,,,,,,,,
Australien,4,3,1,1,1,,,1,,1,,,
,,,,,,,,,,,,,
Summe,4,3,1,1,1,0,0,1,0,1,0,0,0
Gesamt,,4,,2,,0,,1,,1,,0,
,,,,,,,,,,,,,
"ohne Angabe",0,0,0,,,,,,,,,,
,,,,,,,,,,,,,
staatenlos,,,,,,,,,,,,,
,,,,,,,,,,,,,
ungeklärt,,,,,,,,,,,,,
,,,,,,,,,,,,,
Summe,,,,,,,,,,,,0,
Gesamt,,0,,0,,0,,0,,0,,0,
,,,,,,,,,,,,,
,,,,,,,,,,,,,
,,,,,,,,,,,,,
Gesamtsumme,22614,16376,6238,261,132,893,316,15026,5665,196,125,157,100
Insgesamt,,22614,,393,,1209,,20691,,321,,257,
,
,,
§PAGEBREAK
"Statistik 11 - (Studierende nach Bundesländern - Heimatanschrift -)"
Bundesland,Deutsche,,,Ausländer,,,Gesamt,,
,männlich,weiblich,Gesamt,männlich,weiblich,Gesamt,männlich,weiblich,Gesamt
,,,,,,,,,
Baden-Württemberg,11606,4248,15854,2411,1252,3663,14017,5500,19517
Bayern,349,83,432,20,11,31,369,94,463
Berlin,38,12,50,,2,2,38,14,52
Brandenburg,11,3,14,,,0,11,3,14
Bremen,10,2,12,,,0,10,2,12
Hamburg,26,2,28,1,,1,27,2,29
Hessen,293,81,374,12,5,17,305,86,391
Mecklenburg-Vorpommern,2,1,3,,,0,2,1,3
Niedersachsen,102,21,123,1,2,3,103,23,126
Nordrhein-Westfalen,274,61,335,12,1,13,286,62,348
Rheinland-Pfalz,780,278,1058,28,21,49,808,299,1107
Saarland,102,28,130,2,2,4,104,30,134
Sachsen,13,9,22,,,0,13,9,22
Sachsen-Anhalt,10,3,13,38,39,77,48,42,90
Schleswig-Holstein,23,7,30,,1,1,23,8,31
Thüringen,16,4,20,,,0,16,4,20
"nicht in Deutschland",58,14,72,138,45,183,196,59,255
,,,,,,,,,
Insgesamt,13713,4857,18570,2663,1381,4044,16376,6238,22614
§PAGEBREAK
